id,name,acronym,RGB_1,RGB_2,RGB_3,graph_order,structure_id_path
8,Basic cell groups and regions,grey,176,255,255,100,8
567,Cerebrum,CH,176,240,255,200,8
688,Cerebral cortex,CTX,176,255,184,300,567
695,Cortical plate,CTXpl,112,255,112,400,688
315,Isocortex,Isocortex,112,255,113,500,695
184,Frontal association cortex,FrA,112,255,113,600,315
68,"Frontal pole, layer 1",FrA-1,121,161,59,700,184
667,"Frontal pole, layer 2/3",FrA-2/3,132,165,74,800,184
2325,"Frontal pole, layer 5",FrA-5,132,165,74,810,184
500,motor cortex,M,112,255,116,900,315
985,Primary motor cortex,M1,112,255,116,1500,500
320,"Primary motor cortex, layer 1",M1-1,112,255,116,1510,985
943,"Primary motor cortex, layer 2/3",M1-2/3,112,255,116,1520,985
648,"Primary motor cortex, layer 5",M1-5,112,255,116,1530,985
844,"Primary motor cortex, layer 6a",M1-6a,112,255,116,1540,985
882,"Primary motor cortex, layer 6b",M1-6a,112,255,116,1540,985
2017,"Frontal cortex, area 3",FrC3,132,165,74,2010,985
2334,"Frontal cortex, area 3, layer1",FrC3-1,132,165,74,2020,2017
2335,"Frontal cortex, area 3, layer2/3",FrC3-2/3,132,165,74,2020,2017
2336,"Frontal cortex, area 3, layer5",FrC3-5,132,165,74,2040,2017
2337,"Frontal cortex, area 3, layer6a",FrC3-6a,132,165,74,2050,2017
2351,"Frontal cortex, area 3, layer6b",FrC3-6b,132,165,74,2060,2017
993,Secondary motor cortex,M2,112,255,116,2100,500
656,"Secondary motor cortex, layer 1",M2-1,63,147,68,2200,993
962,"Secondary motor cortex, layer 2/3",M2-2/3,83,152,86,2300,993
767,"Secondary motor cortex, layer 5",M2-5,101,157,97,2400,993
1021,"Secondary motor cortex, layer 6a",M2-6a,129,174,115,2500,993
1085,"Secondary motor cortex, layer 6b",M2-6b,139,178,127,2600,993
453,Somatosensory cortex,S,112,255,121,2700,315
322,Primary somatosensory cortex,S1,112,255,121,2800,453
2338,"Primary somatosensory area, jaw",S1J,163,213,170,3410,322
2339,"Primary somatosensory area, jaw, layer 1",S1J-1,163,213,170,3420,2338
2340,"Primary somatosensory area, jaw, layer 2/3",S1J-2/3,163,213,170,3430,2338
2341,"Primary somatosensory area, jaw, layer 4",S1J-4,163,213,170,3440,2338
2342,"Primary somatosensory area, jaw, layer 5",S1J-5,163,213,170,3450,2338
2343,"Primary somatosensory area, jaw, layer 6a",S1J-6a,163,213,170,3460,2338
2344,"Primary somatosensory area, jaw, layer 6b",S1J-6b,163,213,170,3470,2338
793,"Primary somatosensory area, undefined, layer 1",S1-1,0,177,92,2900,322
346,"Primary somatosensory area, undefined, layer 2/3",S1-2/3,67,185,112,3000,793
865,"Primary somatosensory area, undefined, layer 4",S1-4,93,191,126,3100,793
921,"Primary somatosensory area, undefined, layer 5",S1-5,116,197,139,3200,793
686,"Primary somatosensory area, undefined, layer 6a",S1-6a,138,204,153,3300,793
719,"Primary somatosensory area,, undefined, layer 6b",S1-6b,163,213,170,3400,793
329,"Primary somatosensory cortex, barrel field",S1BF,112,255,121,4200,322
981,"Primary somatosensory cortex, barrel field, layer 1",S1BF-1,0,178,156,4300,329
201,"Primary somatosensory cortex, barrel field, layer 2/3",S1BF-2/3,19,186,171,4400,329
1047,"Primary somatosensory cortex, barrel field, layer 4",S1BF-4,66,191,179,4500,329
1070,"Primary somatosensory cortex, barrel field, layer 5 ",S1BF-5,93,197,188,4600,329
1038,"Primary somatosensory cortex, barrel field, layer 6a",S1BF-6a,117,203,197,4700,329
1062,"Primary somatosensory cortex, barrel field, layer 6b",S1BF-6b,143,211,208,4800,329
337,"Primary somatosensory cortex, hindlimb region",S1HL,112,255,121,4900,322
1030,"Primary somatosensory cortex, hindlimb region, layer 1",S1HL-1,0,177,142,5000,337
113,"Primary somatosensory cortex, hindlimb region, layer 2/3",S1HL-2/3,0,183,155,5100,337
1094,"Primary somatosensory cortex, hindlimb region, layer 4",S1HL-4,69,191,171,5200,337
1128,"Primary somatosensory cortex, hindlimb region, layer 5",S1HL-5,96,196,179,5300,337
478,"Primary somatosensory cortex, hindlimb region, layer 6a",S1HL-6a,119,202,188,5400,337
510,"Primary somatosensory cortex, hindlimb region, layer 6b",S1HL-6b,145,211,198,5500,337
345,"Primary somatosensory cortex, upper lip region",S1ULp,112,255,121,5600,322
878,"Primary somatosensory cortex, upper lip region, layer 1",S1ULp-1,0,173,94,5700,345
657,"Primary somatosensory cortex, upper lip region, layer 2/3",S1ULp-2/3,20,180,107,5800,345
950,"Primary somatosensory cortex, upper lip region, layer 4",S1ULp-4,66,185,120,5900,345
974,"Primary somatosensory cortex, upper lip region, layer 5",S1ULp-5,92,191,133,6000,345
1102,"Primary somatosensory cortex, upper lip region, layer 6a",S1ULp-6a,115,197,146,6100,345
2,"Primary somatosensory cortex, upper lip region, layer 6b",S1ULp-6b,137,205,161,6200,345
2000,"Primary somatosensory cortex, dysgranular zone ",S1DZ,112,255,121,6210,322
2287,"Primary somatosensory cortex, dysgranular zone 1",S1DZ-1,112,255,121,6211,2000
2288,"Primary somatosensory cortex, dysgranular zone 2/3",S1DZ-2/3,112,255,121,6212,2000
2289,"Primary somatosensory cortex, dysgranular zone 4",S1DZ-4,112,255,121,6213,2000
2290,"Primary somatosensory cortex, dysgranular zone 5",S1DZ-5,112,255,121,6214,2000
2291,"Primary somatosensory cortex, dysgranular zone 6a",S1DZ-6a,112,255,121,6215,2000
2292,"Primary somatosensory cortex, dysgranular zone 6b",S1DZ-6b,112,255,121,6216,2000
2352,"Primary somatosensory cortex, oral dysgranular zone ",S1DZO,112,255,121,6220,322
2353,"Primary somatosensory cortex, oral dysgranular zone 1",S1DZO-1,112,255,121,6221,2352
2354,"Primary somatosensory cortex, oral dysgranular zone 2/3",S1DZO-2/3,112,255,121,6222,2352
2355,"Primary somatosensory cortex, oral dysgranular zone 4",S1DZO-4,112,255,121,6223,2352
2356,"Primary somatosensory cortex, oral dysgranular zone 5",S1DZO-5,112,255,121,6224,2352
2357,"Primary somatosensory cortex, oral dysgranular zone 6a",S1DZO-6a,112,255,121,6225,2352
2358,"Primary somatosensory cortex, oral dysgranular zone 6b",S1DZO-6b,112,255,121,6226,2352
2041,"Primary somatosensory cortex, shoulder region",S1Sh,112,255,121,6230,322
2310,"Primary somatosensory cortex, shoulder region 1",S1Sh-1,112,255,121,6231,2041
2311,"Primary somatosensory cortex, shoulder region 2/3",S1Sh-2/3,112,255,121,6232,2041
2312,"Primary somatosensory cortex, shoulder region 4",S1Sh-4,112,255,121,6233,2041
2313,"Primary somatosensory cortex, shoulder region 5",S1Sh-5,112,255,121,6234,2041
2314,"Primary somatosensory cortex, shoulder region 6a",S1Sh-6a,112,255,121,6235,2041
2315,"Primary somatosensory cortex, shoulder region 6b",S1Sh-6b,112,255,121,6236,2041
369,"Primary somatosensory cortex, forelimb region",S1FL,112,255,121,6300,322
450,"Primary somatosensory cortex, forelimb region, layer 1",S1FL-1,0,174,103,6400,369
854,"Primary somatosensory cortex, forelimb region, layer 2/3",S1FL-2/3,46,183,120,6500,369
577,"Primary somatosensory cortex, forelimb region, layer 4",S1FL-4,79,188,133,6600,369
625,"Primary somatosensory cortex, forelimb region, layer 5",S1FL-5,103,194,147,6700,369
945,"Primary somatosensory cortex, forelimb region, layer 6a",S1FL-6a,114,198,154,6800,369
1026,"Primary somatosensory cortex, forelimb region, layer 6b",S1FL-6b,124,201,162,6900,369
361,"Primary somatosensory cortex, trunk region",S1Tr,112,255,121,7000,322
1006,"Primary somatosensory cortex, trunk region, layer 1",S1Tr-1,0,179,171,7100,361
670,"Primary somatosensory cortex, trunk region, layer 2/3",S1Tr-2/3,0,185,179,7200,361
1086,"Primary somatosensory cortex, trunk region, layer 4",S1Tr-4,63,192,187,7300,361
1111,"Primary somatosensory cortex, trunk region, layer 5",S1Tr-5,91,197,197,7400,361
9,"Primary somatosensory cortex, trunk region, layer 6a",S1Tr-6a,115,203,207,7500,361
461,"Primary somatosensory cortex, trunk region, layer 6b",S1Tr-6b,156,216,218,7600,361
378,Secondary somatosensory cortex,S2,112,255,121,7700,453
873,"Secondary somatosensory cortex, layer 1",S2-1,0,176,129,7800,378
806,"Secondary somatosensory cortex, layer 2/3",S2-2/3,0,180,135,7900,378
1035,"Secondary somatosensory cortex, layer 4",S2-4,40,184,141,8000,378
1090,"Secondary somatosensory cortex, layer 5",S2-5,74,190,155,8100,378
862,"Secondary somatosensory cortex, layer 6a",S2-6a,98,196,170,8200,378
893,"Secondary somatosensory cortex, layer 6b",S2-6b,121,202,179,8300,378
44,"Cingulate cortex, area 24a (infralimbic)",A24a (IL),112,255,104,8400,315
707,"Cingulate cortex, area 24a (infralimbic), layer 1",A24a (IL)-1,0,137,72,8500,44
747,"Cingulate cortex, area 24a (infralimbic), layer 2/3",A24a (IL)-2,13,142,83,8600,44
556,"Cingulate cortex, area 24a (infralimbic), layer 4",A24a (IL)-2/3,50,146,93,8700,44
827,"Cingulate cortex, area 24a (infralimbic), layer 5",A24a (IL)-5,77,160,111,8800,44
1054,"Cingulate cortex, area 24a (infralimbic), layer 6a",A24a (IL)-6a,97,166,122,8900,44
1081,"Cingulate cortex, area 24a (infralimbic), layer 6b",A24a (IL)-6b,116,172,135,9000,44
1057,Dysgranular insular cortex,DI,112,255,105,9100,315
36,"Dysgranular insular cortex, layer 1",DI-1,51,181,90,9200,1057
180,"Dysgranular insular cortex, layer 2/3",DI-2/3,82,187,112,9300,1057
148,"Dysgranular insular cortex, layer 4",DI-4,106,193,125,9400,1057
187,"Dysgranular insular cortex, layer 5",DI-5,127,200,138,9500,1057
638,"Dysgranular insular cortex, layer 6a",DI-6a,152,208,152,9600,1057
662,"Dysgranular insular cortex, layer 6b",DI-6b,175,218,179,9700,1057
677,Granular insular cortex,GI,112,255,100,9800,315
897,"Granular insular cortex, layer 1",GI-1,0,155,91,9900,677
1106,"Granular insular cortex, layer 2/3",GI-2/3,42,163,106,10000,677
1010,"Granular insular cortex, layer 4",GI-4,70,168,118,10100,677
1058,"Granular insular cortex, layer 5",GI-5,97,183,138,10200,677
857,"Granular insular cortex, layer 6a",GI-6a,108,186,144,10300,677
849,"Granular insular cortex, layer 6b",GI-6b,117,189,152,10400,677
247,Auditory cortex,Au,120,255,120,10500,315
1011,"Secondary auditory cortex, dorsal area",AuD,120,255,120,10600,247
527,"Secondary auditory cortex, dorsal area, layer 1",AuD-1,0,157,125,10700,1011
600,"Secondary auditory cortex, dorsal area, layer 2/3",AuD-2/3,0,163,137,10800,1011
678,"Secondary auditory cortex, dorsal area, layer 4",AuD-4,63,170,151,10900,1011
252,"Secondary auditory cortex, dorsal area, layer 5",AuD-5,91,185,168,11000,1011
156,"Secondary auditory cortex, dorsal area, layer 6a",AuD-6a,113,190,176,11100,1011
243,"Secondary auditory cortex, dorsal area, layer 6b",AuD-16b,137,198,186,11200,1011
1002,Primary auditory cortex,Au1,120,255,120,11300,247
735,"Primary auditory cortex, layer 1",Au1-1,0,157,114,11400,1002
251,"Primary auditory cortex, layer 2/3",Au1-2/3,0,160,119,11500,1002
816,"Primary auditory cortex, layer 4",Au1-4,37,164,125,11600,1002
847,"Primary auditory cortex, layer 5",Au1-5,71,178,145,11700,1002
954,"Primary auditory cortex, layer 6a",Au1-6a,93,184,160,11800,1002
1005,"Primary auditory cortex, layer 6b",Au1-6b,115,190,168,11900,1002
1018,"Secondary auditory cortex, ventral area",AuV,120,255,120,12700,247
959,"Secondary auditory cortex, ventral area, layer 1",AuV-1,0,156,102,12800,1018
755,"Secondary auditory cortex, ventral area, layer 2/3",AuV-2/3,41,163,113,12900,1018
990,"Secondary auditory cortex, ventral area, layer 4",AuV-4,70,168,124,13000,1018
1023,"Secondary auditory cortex, ventral area, layer 5",AuV-5,96,183,144,13100,1018
520,"Secondary auditory cortex, ventral area, layer 6a",AuV-6a,116,190,160,13200,1018
598,"Secondary auditory cortex, ventral area, layer 6b",AuV-6b,127,193,168,13300,1018
669,Visual cortex,V,112,255,98,13400,315
2170,"Secondary visual cortex, lateral area",V2L,108,173,178,14010,669
402,"Secondary visual cortex, lateral area, anterior region",V2La,112,255,98,14100,2170
1074,"Secondary visual cortex, lateral area, anterior region, layer1",V2La-1,0,160,181,14200,402
905,"Secondary visual cortex, lateral area, anterior region, layer2/3",V2La-2/3,0,161,189,14300,402
1114,"Secondary visual cortex, lateral area, anterior region, layer4",V2La-4,0,161,197,14400,402
233,"Secondary visual cortex, lateral area, anterior region, layer5",V2La-5,16,179,202,14500,402
601,"Secondary visual cortex, lateral area, anterior region, layer6a",V2La-6a,105,193,212,14600,402
649,"Secondary visual cortex, lateral area, anterior region, layer6b",V2La-6b,103,193,221,14700,402
409,"Secondary visual cortex, lateral area, intermediate region",V2Li,112,255,98,14800,2170
421,"Secondary visual cortex, lateral area, intermediate region, layer1",V2Li-1,0,159,158,14900,409
973,"Secondary visual cortex, lateral area, intermediate region, layer2/3",V2Li-2/3,0,159,165,15000,409
573,"Secondary visual cortex, lateral area, intermediate region, layer4",V2Li-4,0,161,173,15100,409
613,"Secondary visual cortex, lateral area, intermediate region, layer5",V2Li-5,0,176,184,15200,409
74,"Secondary visual cortex, lateral area, intermediate region, layer6a",V2Li-6a,69,183,193,15300,409
121,"Secondary visual cortex, lateral area, intermediate region, layer6b",V2Li-6b,107,192,203,15400,409
425,"Secondary visual cortex, lateral area, posterior region",V2Lp,112,255,98,15500,2170
750,"Secondary visual cortex, lateral area, posterior region, layer1",V2Lp-1,0,180,205,15600,425
269,"Secondary visual cortex, lateral area, posterior region, layer2/3",V2Lp-2/3,0,181,214,15700,425
869,"Secondary visual cortex, lateral area, posterior region, layer4",V2Lp-4,0,181,223,15800,425
902,"Secondary visual cortex, lateral area, posterior region, layer15",V2Lp-5,2,190,215,15900,425
377,"Secondary visual cortex, lateral area, posterior region, layer6a",V2Lp-6a,110,205,226,16000,425
393,"Secondary visual cortex, lateral area, posterior region, layer6b",V2Lp-6b,107,205,236,16100,425
2096,"Secondary Visual Cortex, Medial area",V2M,107,205,236,16110,669
2097,"Secondary visual cortex, mediolateral area",V2ML,107,205,236,16120,2096
2393,"Secondary visual cortex, mediolateral area, layer1",V2ML-1,107,205,236,16130,2097
2409,"Secondary visual cortex, mediolateral area, layer2/3",V2ML-2/3,107,205,236,16140,2097
2410,"Secondary visual cortex, mediolateral area, layer4",V2ML-4,107,205,236,16150,2097
2411,"Secondary visual cortex, mediolateral area, layer5",V2ML-5,107,205,236,16160,2097
2412,"Secondary visual cortex, mediolateral area, layer6a",V2ML-6a,107,205,236,16170,2097
2413,"Secondary visual cortex, mediolateral area, layer6b",V2ML-6b,107,205,236,16180,2097
394,"Secondary visual cortex, mediomedial area, anterior region",V2MMa,112,255,98,16200,2096
281,"Secondary visual cortex, mediomedial area, anterior region, layer1",V2MMa-1,0,141,139,16300,394
1066,"Secondary visual cortex, mediomedial area, anterior region, layer2/3",V2MMa-2/3,0,142,145,16400,394
401,"Secondary visual cortex, mediomedial area, anterior region, layer4",V2MMa-4,0,143,152,16500,394
433,"Secondary visual cortex, mediomedial area, anterior region, layer5",V2MMa-5,0,158,163,16600,394
1046,"Secondary visual cortex, mediomedial area, anterior region, layer6a",V2MMa-6a,64,164,172,16700,394
441,"Secondary visual cortex, mediomedial area, anterior region, layer6b",V2MMa-6b,98,172,181,16800,394
533,"Secondary visual cortex, mediomedial area, posterior region",V2MMp,112,255,98,16900,2096
805,"Secondary visual cortex, mediomedial area, posterior region, layer1",V2MMp-1,0,174,184,17000,533
41,"Secondary visual cortex, mediomedial area, posterior region, layer2/3",V2MMp-2/3,0,175,191,17100,533
501,"Secondary visual cortex, mediomedial area, posterior region, layer4",V2MMp-4,0,179,200,17200,533
565,"Secondary visual cortex, mediomedial area, posterior region, layer5",V2MMp-5,63,184,201,17300,533
257,"Secondary visual cortex, mediomedial area, posterior region, layer6a",V2MMp-6a,93,188,201,17400,533
469,"Secondary visual cortex, mediomedial area, posterior region, layer6b",V2MMp-6b,119,194,202,17500,533
385,Primary visual cortex,V1,112,255,98,17600,669
593,"Primary visual cortex, layer1",V1-1,0,147,153,17700,385
821,"Primary visual cortex, layer2/3",V1-2/3,0,148,159,17800,385
721,"Primary visual cortex, layer4",V1-4,17,151,167,17900,385
778,"Primary visual cortex, layer5",V1-5,60,163,177,18000,385
33,"Primary visual cortex, layer6a",V1-6a,85,168,178,18100,385
305,"Primary visual cortex, layer6b",V1-6b,107,173,178,18200,385
2098,"Primary visual cortex, monocular area",V1M,112,255,98,18210,385
2428,"Primary visual cortex, monocular area, layer1",V1M-1,112,255,98,18220,2098
2429,"Primary visual cortex, monocular area, layer2/3",V1M-2/3,112,255,98,18230,2098
2430,"Primary visual cortex, monocular area, layer4",V1M-4,112,255,98,18240,2098
2431,"Primary visual cortex, monocular area, layer5",V1M-5,112,255,98,18250,2098
2432,"Primary visual cortex, monocular area, layer6a",V1M-6a,112,255,98,18260,2098
2433,"Primary visual cortex, monocular area, layer16b",V1M-6b,112,255,98,18270,2098
2133,"Primary visual cortex, binocular area",V1B,112,255,98,18280,385
2434,"Primary visual cortex, binocular area, layer1",V1B-1,112,255,98,18290,2133
2435,"Primary visual cortex, binocular area, layer2/3",V1B-2/3,112,255,98,18291,2133
2436,"Primary visual cortex, binocular area, layer4",V1B-4,112,255,98,18292,2133
2437,"Primary visual cortex, binocular area, layer5",V1B-5,112,255,98,18293,2133
2438,"Primary visual cortex, binocular area, layer6a",V1B-6a,112,255,98,18294,2133
2439,"Primary visual cortex, binocular area, layer6b",V1B-6b,112,255,98,18295,2133
31,Cingulate cortex,A24 (Cg),112,255,113,18300,315
2345,"Cingulate cortex, area 24b ",A24b (Cg1),169,203,142,18810,31
2346,"Cingulate cortex, area 24b, layer1",A24b (Cg1)-1,169,203,142,18820,2345
2347,"Cingulate cortex, area 24b, layer2/3",A24b (Cg1)-2/3,169,203,142,18830,2345
2348,"Cingulate cortex, area 24b, layer5",A24b (Cg1)-5,169,203,142,18840,2345
2349,"Cingulate cortex, area 24b, layer6a",A24b (Cg1)-6a,169,203,142,18850,2345
2350,"Cingulate cortex, area 24b, layer6b",A24b (Cg1)-6b,169,203,142,18860,2345
39,"Cingulate cortex, area 24b'",A24b' (Cg1),113,255,113,18900,31
935,"Cingulate cortex, area 24b', layer1",A24b' (Cg1)-1,96,170,75,19000,39
211,"Cingulate cortex, area 24b', layer2/3",A24b' (Cg1)-2/3,116,175,88,19100,39
1015,"Cingulate cortex, area 24b', layer5",A24b' (Cg1)-5,137,183,108,19200,39
919,"Cingulate cortex, area 24b', layer6a",A24b' (Cg1)-6a,157,199,128,19300,39
927,"Cingulate cortex, area 24b', layer6b",A24b' (Cg1)-6b,168,203,142,19400,39
48,"Cingulate cortex, area 24a'",A24a' (Cg2),114,255,113,19500,31
588,"Cingulate cortex, area 24a', layer1",A24a' (Cg2)-1,109,191,85,19600,48
296,"Cingulate cortex, area 24a', layer2/3",A24a' (Cg2)-2/3,131,198,100,19700,48
772,"Cingulate cortex, area 24a', layer5",A24a' (Cg2)-5,155,207,122,19800,48
810,"Cingulate cortex, area 24a', layer6a",A24a' (Cg2)-6a,167,212,136,19900,48
819,"Cingulate cortex, area 24a', layer6b",A24a' (Cg2)-6b,178,217,152,20000,48
972,"Cingulate cortex, area 32 (Prelimbic cortex)",A32 (PrL),112,255,118,20100,315
171,"Cingulate cortex, area 32 (Prelimbic cortex), layer1",A32 (PrL)-1,83,150,66,20200,972
195,"Cingulate cortex, area 32 (Prelimbic cortex), layer2",A32 (PrL)-2,101,156,78,20300,972
304,"Cingulate cortex, area 32 (Prelimbic cortex), layer2/3",A32 (PrL)-2/3,121,163,95,20400,972
363,"Cingulate cortex, area 32 (Prelimbic cortex), layer5",A32 (PrL)-5,140,178,114,20500,972
84,"Cingulate cortex, area 32 (Prelimbic cortex), layer6a",A32 (PrL)-6a,150,182,127,20600,972
132,"Cingulate cortex, area 32 (Prelimbic cortex), layer6b",A32 (PrL)-6b,160,187,142,20700,972
714,Orbital cortex,O,128,255,128,20800,315
723,Lateral orbital cortex,LO,127,255,128,21400,714
448,"Lateral orbital cortex, layer1",LO-1,37,143,69,21500,723
412,"Lateral orbital cortex, layer2/3",LO-2/3,63,148,87,21600,723
630,"Lateral orbital cortex, layer5",LO-5,82,152,98,21700,723
440,"Lateral orbital cortex, layer6a",LO-6a,107,168,116,21800,723
488,"Lateral orbital cortex, layer6b",LO-6b,128,175,128,21900,723
731,Medial orbital cortex,MO,126,255,128,22000,714
484,"Medial orbital cortex, layer1",MO-1,102,155,63,22100,731
524,"Medial orbital cortex, layer2/3",MO-2/3,121,162,82,22200,731
582,"Medial orbital cortex, layer5",MO-5,131,166,95,22300,731
620,"Medial orbital cortex, layer6a",MO-6a,150,181,113,22400,731
910,"Medial orbital cortex, layer6b",MO-6b,161,186,127,22500,731
738,Ventral orbital cortex,VO,125,255,128,22600,714
2320,"Orbital cortex, ventral part, layer 1",VO-1,125,255,128,22610,738
2321,"Orbital cortex, ventral part, layer 2/3",VO-2/3,125,255,128,22620,738
2322,"Orbital cortex, ventral part, layer 5",VO-5,125,255,128,22630,738
2323,"Orbital cortex, ventral part, layer 6a",VO-6a,125,255,128,22640,738
2324,"Orbital cortex, ventral part, layer 6b",VO-6b,125,255,128,22650,738
95,Agranular insular cortex,AI,112,255,114,23300,315
2331,"Agranular insular cortex, layer 1",AI1,112,255,114,23310,95
2332,"Agranular insular cortex, layer 2/3",AI2/3,112,255,114,23320,95
2333,"Agranular insular cortex, layer 5",AI5,112,255,114,23330,95
104,"Agranular insular cortex, dorsal part",AID,113,255,114,23400,95
996,"Agranular insular cortex, dorsal part, layer1",AID-1,74,165,77,23500,104
328,"Agranular insular cortex, dorsal part, layer2/3",AID-2/3,95,171,97,23600,104
1101,"Agranular insular cortex, dorsal part, layer5",AID-5,114,177,110,23700,104
783,"Agranular insular cortex, dorsal part, layer6a",AID-6a,144,195,129,23800,104
831,"Agranular insular cortex, dorsal part, layer6b",AID-6b,156,200,143,23900,104
2020,Dorsolateral orbital cortex,DLO,156,200,143,23910,104
2326,"Dorsolateral orbital cortex, layer 1",DLO-1,156,200,143,23920,2020
2327,"Dorsolateral orbital cortex, layer 2/3",DLO-2/3,156,200,143,23930,2020
2328,Dorsolateral orbital cortex layer 5,DLO-5,156,200,143,23940,2020
2329,Dorsolateral orbital cortex layer 6a,DLO-6a,156,200,143,23950,2020
2330,Dorsolateral orbital cortex layer 6b,DLO-6b,156,200,143,23960,2020
111,"Agranular insular cortex, posterior part",AIP,111,255,114,24000,95
120,"Agranular insular cortex, posterior part, layer1",AIP-1,0,154,82,24100,111
163,"Agranular insular cortex, posterior part, layer2/3",AIP-2/3,20,160,94,24200,111
344,"Agranular insular cortex, posterior part, layer5",AIP-5,59,165,106,24300,111
314,"Agranular insular cortex, posterior part, layer6a",AIP-6a,87,180,124,24400,111
355,"Agranular insular cortex, posterior part, layer6b",AIP-6b,108,186,137,24500,111
119,"Agranular insular cortex, ventral part",AIV,110,255,114,24600,95
704,"Agranular insular cortex, ventral part, layer1",AIV-1,84,186,88,24700,119
694,"Agranular insular cortex, ventral part, layer2/3",AIV-2/3,107,192,110,24800,119
800,"Agranular insular cortex, ventral part, layer5",AIV-5,129,199,124,24900,119
675,"Agranular insular cortex, ventral part, layer6a",AIV-6a,153,207,137,25000,119
699,"Agranular insular cortex, ventral part, layer6b",AIV-6b,166,213,152,25100,119
254,"Cingulate cortex, area 29 and 30 (retrosplenial cortex)",A29-30 (RS),112,255,120,25200,315
879,"Cingulate cortex, area 30 (Retrosplenial dysgranular cortex)",A30 (RSD),112,255,120,25900,254
442,"Cingulate cortex, area 30 (Retrosplenial dysgranular cortex), layer1",A30 (RSD)-1,0,139,89,26000,879
434,"Cingulate cortex, area 30 (Retrosplenial dysgranular cortex), layer2/3",A30 (RSD)-2/3,34,145,99,26100,879
545,"Cingulate cortex, area 30 (Retrosplenial dysgranular cortex), layer4",A30 (RSD)-4,35,145,99,26200,879
610,"Cingulate cortex, area 30 (Retrosplenial dysgranular cortex), layer5",A30 (RSD)-5,60,149,109,26300,879
274,"Cingulate cortex, area 30 (Retrosplenial dysgranular cortex), layer6a",A30 (RSD)-6a,86,164,129,26400,879
330,"Cingulate cortex, area 30 (Retrosplenial dysgranular cortex), layer6b",A30 (RSD)-6b,104,170,142,26500,879
886,"Cingulate cortex, area 29 (Retrosplenial granular cortex)",A29 (RSG),112,255,120,26600,254
2132,"Cingulate cortex, area 29c (Retrosplenial granular cortex c)",A29c (RSGc),112,255,120,26610,886
542,"Cingulate cortex, area 29c (Retrosplenial granular cortex c), layer1",A29c (RSGc)-1,0,138,79,26700,2132
606,"Cingulate cortex, area 29c (Retrosplenial granular cortex c), layer2",A29c (RSGc)-2,35,145,94,26800,2132
430,"Cingulate cortex, area 29c (Retrosplenial granular cortex c), layer2/3",A29c (RSGc)-2/3,61,149,104,26900,2132
687,"Cingulate cortex, area 29c (Retrosplenial granular cortex c), layer5",A29c (RSGc)-5,87,163,123,27000,2132
590,"Cingulate cortex, area 29c (Retrosplenial granular cortex c), layer6a",A29c (RSGc)-6a,96,166,129,27100,2132
622,"Cingulate cortex, area 29c (Retrosplenial granular cortex c), layer6b",A29c (RSGc)-6b,105,169,135,27200,2132
2066,"Cingulate cortex, area 29b (Retrosplenial granular cortex b)",A29b (RSGb),112,255,120,27210,886
2416,"Cingulate cortex, area 29b (Retrosplenial granular cortex b), layer1",A29b (RSGb)-1,112,255,120,27220,2066
2417,"Cingulate cortex, area 29b (Retrosplenial granular cortex b), layer2/3",A29b (RSGb)-2/3,112,255,120,27230,2066
2418,"Cingulate cortex, area 29b (Retrosplenial granular cortex b), layer5",A29b (RSGb)-5,112,255,120,27240,2066
2419,"Cingulate cortex, area 29b (Retrosplenial granular cortex b), layer6a",A29b (RSGb)-6a,112,255,120,27250,2066
2420,"Cingulate cortex, area 29b (Retrosplenial granular cortex b), layer6b",A29b (RSGb)-6b,112,255,120,27260,2066
2067,"Cingulate cortex, area 29a (Retrosplenial granular cortex a)",A29a (RSGa),112,255,120,27270,886
2421,"Cingulate cortex, area 29a (Retrosplenial granular cortex a), layer1",A29a (RSGa)-1,112,255,120,27280,2067
2422,"Cingulate cortex, area 29a (Retrosplenial granular cortex a), layer2/3",A29a (RSGa)-2/3,112,255,120,27290,2067
2423,"Cingulate cortex, area 29a (Retrosplenial granular cortex a), layer5",A29a (RSGa)-5,112,255,120,27291,2067
2424,"Cingulate cortex, area 29a (Retrosplenial granular cortex a), layer6a",A29a (RSGa)-6a,112,255,120,27292,2067
2425,"Cingulate cortex, area 29a (Retrosplenial granular cortex a), layer6b",A29a (RSGa)-6b,112,255,120,27293,2067
22,parietal association cortex,PtA,112,255,119,27300,315
2056,Medial parietal association cortex,MPtA,105,169,135,27910,22
2381,"Medial parietal association cortex, layer 1",MPtA-1,105,169,135,27911,2056
2382,"Medial parietal association cortex, layer 2/3",MPtA-2,105,169,135,27912,2056
2383,"Medial parietal association cortex, layer 4",MPtA-4,105,169,135,27913,2056
2384,"Medial parietal association cortex, layer 5",MPtA-5,105,169,135,27914,2056
2385,"Medial parietal association cortex, layer 6a",MPtA-6a,105,169,135,27915,2056
2386,"Medial parietal association cortex, layer 6b",MPtA-6b,105,169,135,27916,2056
2057,Lateral parietal association cortex,LPtA,105,169,135,27920,22
2387,"Lateral parietal association cortex, layer 1",LPtA-1,105,169,135,27921,2057
2388,"Lateral parietal association cortex, layer 2/3",LPtA-2/3,105,169,135,27922,2057
2389,"Lateral parietal association cortex, layer 4",LPtA-4,105,169,135,27923,2057
2390,"Lateral parietal association cortex, layer 5",LPtA-5,105,169,135,27924,2057
2391,"Lateral parietal association cortex, layer 6a",LPtA-6a,105,169,135,27925,2057
2392,"Lateral parietal association cortex, layer 6b",LPtA-6b,105,169,135,27926,2057
2082,"parietal cortex, posterior area, dorsal part",PtPD,112,255,119,27940,22
2402,"Parietal cortex, posterior area, dorsal part, layer1",PtPD-1,112,255,119,27941,2082
2403,"Parietal cortex, posterior area, dorsal part, layer2/3",PtPD-2/3,112,255,119,27942,2082
2404,"Parietal cortex, posterior area, dorsal part, layer4",PtPD-4,112,255,119,27943,2082
2405,"Parietal cortex, posterior area, dorsal part, layer5",PtPD-5,112,255,119,27944,2082
2406,"Parietal cortex, posterior area, dorsal part, layer6a",PtPD-6a,112,255,119,27945,2082
2407,"Parietal cortex, posterior area, dorsal part, layer6b",PtPD-6b,112,255,119,27946,2082
541,Temporal association cortex,TeA ,112,255,122,28000,315
97,"Temporal association cortex, layer1",TeA-1,0,140,110,28100,541
1127,"Temporal association cortex, layer2/3",TeA-2/3,0,145,121,28200,541
234,"Temporal association cortex, layer4",TeA-4,56,151,133,28300,541
289,"Temporal association cortex, layer5",TeA-5,82,165,150,28400,541
729,"Temporal association cortex, layer6a",TeA-6a,102,170,157,28500,541
786,"Temporal association cortex, layer6b",TeA-6b,124,177,165,28600,541
922,Perihinal cortex,PRh,112,255,117,28700,315
335,"Perihinal cortex, layer6a",PRh-6a,79,166,164,28800,922
368,"Perihinal cortex, layer6b",PRh-6b,99,171,173,28900,922
2286,"Parietal cortex, posterior area, rostral part",PtPR,112,255,119,28930,22
2396,"Parietal cortex, posterior area, rostral part, layer1",PtPR-1,112,255,119,28931,2286
2397,"Parietal cortex, posterior area, rostral part, layer2/3",PtPR-2/3,112,255,119,28932,2286
2398,"Parietal cortex, posterior area, rostral part, layer4",PtPR-4,112,255,119,28933,2286
2399,"Parietal cortex, posterior area, rostral part, layer5",PtPR-5,112,255,119,28934,2286
2400,"Parietal cortex, posterior area, rostral part, layer6a",PtPR-6a,112,255,119,28935,2286
2401,"Parietal cortex, posterior area, rostral part, layer6b",PtPR-6b,112,255,119,28936,2286
540,"Perihinal cortex, layer1",PRh-1,0,141,133,29000,922
692,"Perihinal cortex, layer5",PRh-5,52,151,146,29100,922
888,"Perihinal cortex, layer2/3",PRh-2/3,0,146,139,29200,922
895,Ectorhinal cortex,Ect,112,255,115,29300,315
836,"Ectorhinal cortex, layer1",Ect-1,0,140,121,29400,895
427,"Ectorhinal cortex, layer2/3",Ect-2/3,19,147,133,29500,895
988,"Ectorhinal cortex, layer5",Ect-5,54,151,140,29600,895
977,"Ectorhinal cortex, layer6a",Ect-6a,80,165,156,29700,895
1045,"Ectorhinal cortex, layer6b",Ect-6b,101,171,165,29800,895
698,Olfactory areas,OLF,144,255,144,29900,695
507,Main olfactory bulb,MOB,160,255,171,30000,698
212,Glomerular layer of the olfactory bulb,Gl,140,235,151,30100,507
220,Granule cell layer of the olfactory bulb,GrO,110,205,121,30200,507
228,Internal plxiform layer of the olfactory bulb,IPl,160,255,171,30300,507
236,Mitral cell layer of the olfactory bulb,Mi,130,225,141,30400,507
244,External plexiform layer of the olfactory bulb,EPl,160,255,171,30500,507
151,Accessory olfactory bulb,AOB,160,255,176,30600,698
188,Glomerular layer of the accessory olfactory bulb,GlA,140,235,156,30700,151
196,Granule cell layer of the accessory olfactory bulb,GrA,110,205,126,30800,151
204,Mitral cell layer of the accessory olfactory bulb,MiA,130,225,146,30900,151
2021,External plexiform layer of the accessory olfactory b,EPIA,130,225,146,30910,151
159,Anterior olfactory area,AO,144,255,184,31000,698
167,Anterior olfactory area dorsal part,AOD,192,255,200,31100,159
175,Anterior olfactory area external part,AOE,192,255,201,31200,159
160,"Anterior olfactory area, outer layer",AOOL,192,255,202,31250,159
183,Anterior olfactory area lateral part,AOL,192,255,202,31300,159
191,Anterior olfactory area medial part,AOM,192,255,203,31400,159
199,"Anterior olfactory area, posteroventral part",AOP/AOV,192,255,204,31500,159
2318,"Anterior olfactory area, ventral part",AOV,192,255,204,31510,199
2319,"Anterior olfactory area, posterior part",AOP,192,255,204,31520,199
589,Taenia tecta,TT,160,255,160,31800,698
597,Dorsal tenia tecta,DTT,160,255,162,31900,589
1034,"Dorsal tenia tecta, layer 1",DTT1,160,255,162,32100,589
1042,"Dorsal tenia tecta, layer 2",DTT2,160,255,162,32200,589
1050,"Dorsal tenia tecta, layer 3",DTT3,160,255,162,32300,589
1059,"Dorsal tenia tecta, layer 4",DTT4,160,255,162,32400,589
605,Ventral tenia tecta,VTT,160,255,161,32500,589
1067,"Ventral tenia tecta, layer 1",VTT1,160,255,161,32700,589
1075,"Ventral tenia tecta, layer 2",VTT2,160,255,161,32800,589
1082,"Ventral tenia tecta, layer 3",VTT3,160,255,161,32900,589
814,"Cingulate cortex, area 25 (dorsal peduncular cortex)",A25 (DP),112,255,125,33000,698
496,"Cingulate cortex, area 25 (dorsal peduncular cortex), layer1",A25 (DP)-1,0,158,81,33100,814
535,"Cingulate cortex, area 25 (dorsal peduncular cortex), layer2",A25 (DP)-2,60,164,99,33200,814
360,"Cingulate cortex, area 25 (dorsal peduncular cortex), layer2/3",A25 (DP)-2/3,83,169,111,33300,814
646,"Cingulate cortex, area 25 (dorsal peduncular cortex), layer5",A25 (DP)-5,109,185,130,33400,814
267,"Cingulate cortex, area 25 (dorsal peduncular cortex), layer6a",A25 (DP)-6a,130,192,143,33500,814
2019,Dorsal transition zone,DTr,130,192,143,33510,814
961,Piriform cortex,PIR,160,255,167,33600,698
276,Piriform cortex 1,Pir1,160,255,167,33800,961
284,Piriform cortex 2,Pir2,160,255,167,33900,961
291,Piriform cortex 3,Pir3,160,255,167,34000,961
2024,Cortex-amygdala transition zone,CxA,160,255,170,34010,961
2303,Cortex-amygdala transition zone Layer1,CxA1,160,255,170,34020,2024
2304,Cortex-amygdala transition zone Layer2,CxA2,160,255,170,34030,2024
2305,Cortex-amygdala transition zone Layer3,CxA3,160,255,170,34040,2024
619,Nucleus of the lateral olfactory tract,LOT,160,255,170,34100,698
260,Nucleus of the lateral olfactory tract 1,LOT1,160,255,170,34300,619
268,Nucleus of the lateral olfactory tract 2,LOT2,160,255,170,34400,619
1139,Nucleus of the lateral olfactory tract 3,LOT3,160,255,170,34500,619
631,cortical amygdaloid nucleus,CO,160,255,177,34600,698
639,Anterior cortical amygdaloid nucleus,ACo ,160,255,178,34700,631
192,"Anterior cortical amygdaloid nucleus, layer1",ACo-1,160,255,178,34800,639
200,"Anterior cortical amygdaloid nucleus, layer2",ACo-2,160,255,178,34900,639
208,"Anterior cortical amygdaloid nucleus, layer3",ACo-3,160,255,178,35000,639
647,Posterior cortical amygdaloid area,PCO,160,255,179,35100,631
655,Posterolateral cortical amygdaloid area,PLCo,160,255,180,35200,647
216,Posterolateral cortical amygdaloid area 1,PLCo1,160,255,180,35500,655
224,Posterolateral cortical amygdaloid area 2,PLCo2,160,255,180,35600,655
232,Posterolateral cortical amygdaloid area 3,PLCo3,160,255,180,35700,655
663,Posteromedial cortical amygdaloid area,PMCo,160,255,181,35800,647
240,Posteromedial cortical amygdaloid area 1,PMCo1,160,255,181,36100,663
248,Posteromedial cortical amygdaloid area 2,PMCo2,160,255,181,36200,663
256,Posteromedial cortical amygdaloid area 3,PMCo3,160,255,181,36300,663
788,Rostral amygdalopiriform area,RAPir,160,255,169,36400,698
408,Rostral amygdalopiriform area 1,RAPir1,160,255,169,36600,788
416,Rostral amygdalopiriform area 2,RAPir2,160,255,169,36700,788
424,Rostral amygdalopiriform area 3,RAPir3,160,255,169,36800,788
566,Amygdalopiriform transition area,Apir,160,255,166,36900,698
1140,"Postpiriform transition area, layers 1",APir1,160,255,166,37100,566
1141,"Postpiriform transition area, layers 2",APir2,160,255,166,37200,566
1142,"Postpiriform transition area, layers 3",APir3,160,255,166,37300,566
1089,Hippocampal formation,HPF,144,255,176,37400,695
1080,Hippocampal region,HIP,121,255,128,37500,1089
375,Ammon's horn,CA,122,255,122,37600,1080
382,Field CA1 of the hippocampus,CA1,122,255,121,37700,375
391,Field CA1 of the hippocampus- lacunosum moleculare layer of the hippocampus,LMol ,123,255,121,37800,382
399,Field CA1 of the hippocampus- oriens layer of the hippocampus,Or,124,255,121,37900,382
407,Field CA1 of the hippocampus- pyramidal layer of the hippocampus,Py,75,230,70,38000,382
415,Field CA1 of the hippocampus- radiatum layer of the hippocampus,Rad,126,255,121,38100,382
423,Field CA2 of the hippocampus,CA2,122,255,120,38200,375
431,Field CA2 of the hippocampus- lacunosum moleculare layer of the hippocampus,LMol ,123,255,120,38300,423
438,Field CA2 of the hippocampus- oriens layer of the hippocampus,Or,124,255,120,38400,423
446,Field CA2 of the hippocampus- pyramidal layer of the hippocampus,Py,75,230,70,38500,423
454,Field CA2 of the hippocampus- radiatum layer of the hippocampus,Rad,126,255,120,38600,423
463,Field CA3 of the hippocampus,CA3,122,255,119,38700,375
471,Field CA3 of the hippocampus- lacunosum moleculare layer of the hippocampus,LMol ,123,255,119,38800,463
479,Field CA3 of the hippocampus- stratum lucidum of the hippocampus,SLu ,124,255,119,38900,463
486,Field CA3 of the hippocampus- oriens layer of the hippocampus,Or,125,255,119,39000,463
495,Field CA3 of the hippocampus- pyramidal layer of the hippocampus,Py,75,230,70,39100,463
504,Field CA3 of the hippocampus- radiatum layer of the hippocampus,Rad,127,255,119,39200,463
726,Dentate gyrus,DG,114,250,114,39300,1080
10703,Molecular layer of the dentate gyrus,MoDG,114,250,114,39400,726
10704,Polymorph layer of the dentate gyrus,PoDG,94,230,94,39500,726
632,Granule cell layer of the dentate gyrus,GrDG,64,200,64,39600,726
982,Fasciola cinereum,FC,114,253,114,41000,1080
19,Induseum griseum,IG,114,254,114,41100,1080
822,Retrohippocampal region,RHP,144,255,176,41200,1089
909,Entorhinal area,ENT,128,255,144,41300,822
918,Dorsolateral entorhinal cortex,DLEnt,128,255,145,41350,909
1121,"Dorsolateral entorhinal cortex, layer 1",DLEnt1,0,104,101,41400,918
20,"Dorsolateral entorhinal cortex, layer 2",DLEnt2,0,114,116,41500,918
999,"Dorsolateral entorhinal cortex, layer 2/3",DLEnt2/3,50,133,139,41600,918
715,"Dorsolateral entorhinal cortex, layer 2a",DLEnta,0,115,122,41700,918
764,"Dorsolateral entorhinal cortex, layer 2b",DLEntb,0,128,132,41800,918
52,"Dorsolateral entorhinal cortex, layer 3",DLEnt3,86,151,158,41900,918
92,"Dorsolateral entorhinal cortex, layer 4",DLEnt4,117,161,167,42000,918
312,"Dorsolateral entorhinal cortex, layer 4/5",DLEnt4/5,157,184,189,42100,918
139,"Dorsolateral entorhinal cortex, layer 5",DLEnt5,190,204,206,42200,918
387,"Dorsolateral entorhinal cortex, layer 5/6",DLEnt5/6,138,168,168,42300,918
28,"Dorsolateral entorhinal cortex, layer 6a",DLEnt6a,148,179,173,42400,918
60,"Dorsolateral entorhinal cortex, layer 6b",DLEnt6b,180,199,193,42500,918
926,Dorsal intermediate entorhinal cortex,DIEnt,128,255,146,42700,909
526,"Dorsal intermediate entorhinal cortex, layer 1",DIEnt1,0,104,87,42800,926
543,"Dorsal intermediate entorhinal cortex, layer 2",DIEnt2,0,118,106,42900,926
468,"Dorsal intermediate entorhinal cortex, layer 2a",DIEnt2a,1,118,106,43000,926
508,"Dorsal intermediate entorhinal cortex, layer 2b",DIEnt2b,2,118,106,43100,926
2408,"Dorsal intermediate entorhinal cortex, layer 2/3",DIEnt2/3,2,118,106,43110,926
664,"Dorsal intermediate entorhinal cortex, layer 3",DIEnt3,36,122,111,43200,926
712,"Dorsal intermediate entorhinal cortex, layer 4",DIEnt4,63,135,126,43300,926
727,"Dorsal intermediate entorhinal cortex, layer 5",DIEnt5,64,135,126,43400,926
550,"Dorsal intermediate entorhinal cortex, layer 5/6",DIEnt5/6,81,139,133,43500,926
743,"Dorsal intermediate entorhinal cortex, layer 6",DIEnt6,108,156,152,43600,926
934,Ventral intermediate entorhinal cortex,VIEnt,128,255,147,43700,909
259,"Ventral intermediate entorhinal cortex, layer 1",VIEnt1,0,104,96,43800,934
324,"Ventral intermediate entorhinal cortex, layer 2",VIEnt2,0,117,111,43900,934
371,"Ventral intermediate entorhinal cortex, layer 3",VIEnt3,35,122,117,44000,934
419,"Ventral intermediate entorhinal cortex, layer 4",VIEnt4,62,135,133,44100,934
1133,"Ventral intermediate entorhinal cortex, layer 5/6",VIEnt5/6,80,140,140,44200,934
2159,Medial entorhinal cortex,MEnt,80,140,140,44220,909
2164,"Medial entorhinal cortex, layer 1",MEnt1,80,140,140,44230,2159
2444,"Medial entorhinal cortex, layer 2",MEnt2,80,140,140,44240,2159
2445,"Medial entorhinal cortex, layer 3",MEnt3,80,140,140,44250,2159
2446,"Medial entorhinal cortex, layer 5",MEnt5,80,140,140,44260,2159
2447,"Medial entorhinal cortex, layer 6",MEnt6,80,140,140,44270,2159
2161,Caudomedial entothinal cortex,CEnt,80,140,140,44280,909
2448,"Caudomedial entothinal cortex, layer 1",CEnt1,80,140,140,44290,2161
2449,"Caudomedial entothinal cortex, layer 2",CEnt2,80,140,140,44291,2161
2450,"Caudomedial entothinal cortex, layer 3",CEnt3,80,140,140,44292,2161
2451,"Caudomedial entothinal cortex, layer 5",CEnt5,80,140,140,44293,2161
2452,"Caudomedial entothinal cortex, layer 6",CEnt6,80,140,140,44294,2161
1084,Presubiculum,PsS,129,255,161,45190,822
10699,"Presubiculum, layer 1",PsS1,129,255,161,45200,1084
10700,"Presubiculum, layer 2",PsS2,129,255,161,45300,1084
10701,"Presubiculum, layer 3",PsS3,129,255,161,45400,1084
843,Parasubiculum,PaS,129,255,160,44300,822
10693,"Parasubiculum, layer 1",PaS1,129,255,160,44400,843
10694,"Parasubiculum, layer 2",PaS2,129,255,160,44500,843
10695,"Parasubiculum, layer 3",PaS3,129,255,160,44600,843
1037,Postsubiculum,Post,128,255,160,44700,822
10696,"Postsubiculum, layer 1",Post1,128,255,160,44800,1037
10697,"Postsubiculum, layer 2",Post2,128,255,160,44900,1037
10698,"Postsubiculum, layer 3",Post3,128,255,160,45000,1037
502,Subiculum,SUB,128,255,151,45500,822
509,Dorsal subiculum,DS,129,255,151,45600,502
829,"Dorsal subiculum, molecular layer",DS-m,129,255,151,45700,509
845,"Dorsal subiculum, pyramidal layer",DS-sp,100,230,121,45800,509
837,"Dorsal subiculum, stratum radiatum",DS-sr,129,255,151,45900,509
518,Ventral subiculum,VS,130,255,151,46000,502
853,"Ventral subiculum, molecular layer",VS-m,130,255,151,46100,518
870,"Ventral subiculum, pyramidal layer",VS-sp,100,230,121,46200,518
861,"Ventral subiculum, stratum radiatum",VS-sr,130,255,151,46300,518
2440,"Subiculum, transition area",STr,130,255,151,46310,502
2441,"Subiculum, transition area, molecular layer",STr-m,130,255,151,46320,2440
2442,"Subiculum, transition area, pyramidal layer",STr-sp,130,255,151,46330,2440
2443,"Subiculum, transition area, stratum radiatum",STr-sr,130,255,151,46340,2440
703,Cortical subplate,CTXsp,80,255,80,46400,688
16,"Layer 6b, isocortex",6b,80,255,81,46500,703
583,Claustrum,Cl,80,255,85,46600,703
2002,Dorsal claustrum,DCl,80,255,85,46610,583
2003,Ventral claustrum,VCl,80,255,85,46620,583
942,Endopiriform nucleus,En,80,255,87,46700,703
952,Dorsal endopiriform nucleus,DEn ,81,255,87,46800,942
966,Ventral endopiriform nucleus,VEn,82,255,87,46900,942
2085,Intermediate endopiriform claustrum,IEn,82,255,87,46910,942
2426,Retroendopiriform nucleus ,REn,82,255,87,46920,942
131,Lateral amygdaloid nucleus,La,80,255,88,47000,703
2068,"Lateral amygdaloid nucleus, dorsolateral part",LaDL,80,255,88,47010,131
2052,"Lateral amygdaloid nucleus, ventrolateral part",LaVL,80,255,88,47020,131
2060,"Lateral amygdaloid nucleus, ventromedial part",LaVM,80,255,88,47030,131
295,Basolateral amygdalar nucleus,BL,80,255,83,47100,703
303,"Basolateral amygdaloid nucleus, anterior part",BLA,81,255,83,47200,295
311,"Basolateral amygdaloid nucleus, posterior part",BLP,82,255,83,47300,295
451,"Basolateral amygdaloid nucleus, ventral part",BLV,73,255,83,47400,295
319,Basomedial amygdalar nucleus,BM,80,255,84,47500,703
327,"Basomedial amygdaloid nucleus, anterior part",BMA,81,255,84,47600,319
334,"Basomedial amygdaloid nucleus, posterior part",BMP,82,255,84,47700,319
780,Amygdalohippocampal area,AHi,80,255,89,47800,703
2086,"Amygdalohippocampal area, anterolateral part",AHiAL,80,255,89,47810,780
2087,"Amygdalohippocampal area, posteromedial part",AHiPM,80,255,89,47820,780
2088,"Amygdalohippocampal area, posterolateral",AHiPL,80,255,89,47830,780
623,Cerebral nuclei,CNU,176,216,255,47900,567
477,Striatum,STR,160,200,232,48000,623
485,Striatum dorsal region,STRd,160,216,232,48100,477
672,Caudate Putamen ,CP,160,216,248,48200,485
2376,Caudoputamen- rostral extreme,CPre,160,216,248,48210,672
2491,Caudoputamen- rostral,CPr,160,216,248,48220,672
2294,"Caudoputamen- rostral, medial","CPr, m",160,216,248,48221,2491
2295,"Caudoputamen- rostral, intermediate, dorsal","CPr, imd",160,216,248,48222,2491
2296,"Caudoputamen- rostral, intermediate, ventral","CPr, imv",160,216,248,48223,2491
2497,"Caudoputamen- rostral, lateral","CPr, l",160,216,248,48224,2491
2395,"Caudoputamen- rostral, lateral, lateral strip","CPr, l, ls",160,216,248,48225,2497
2297,"Caudoputamen- rostra,l lateral, ventromedial","CPr, l, vm",160,216,248,48226,2497
2492,Caudoputamen- intermediate,CPi,160,216,248,48230,672
2498,"Caudoputamen- intermediate, dorsomedial","CPi, dm",160,216,248,48231,2492
2299,"Caudoputamen- intermediate, dorsomedial, dorsolateral","CPi, dm, dl",160,216,248,48232,2498
2298,"Caudoputamen- intermediate, dorsomedial, intermedial","CPi, dm, im",160,216,248,48233,2498
2374,"Caudoputamen- intermediate, dorsomedial, central dorsal","CPi, dm, cd",160,216,248,48234,2498
2380,"Caudoputamen- intermediate, dorsomedial, dorsal tip ","CPi, dm, dt",160,216,248,48235,2498
2500,"Caudoputamen- intermediate, ventromedial","CPi, vm",160,216,248,48236,2492
2302,"Caudoputamen- intermediate, ventromedial, ventromedial","CPi, vm, vm",160,216,248,48237,2500
2480,"Caudoputamen- intermediate, ventromedial, ventral","CPi, vm, v",160,216,248,48238,2500
2483,"Caudoputamen- intermediate, ventromedial, central ventromedial","CPi, vm, cvm",160,216,248,48239,2500
2499,"Caudoputamen- intermediate, dorsolateral, ","CPi, dl",160,216,248,48240,2492
2300,"Caudoputamen- intermediate, dorsolateral, dorsal","CPi, dl, d",160,216,248,48241,2499
2301,"Caudoputamen- intermediate, dorsolateral, intermedial dorsal","CPi, dl, imd",160,216,248,48242,2499
2501,"Caudoputamen- intermediate, ventrolateral","CPi, vl",160,216,248,48243,2492
2479,"Caudoputamen- intermediate, ventrolateral, intermedial ventral","CPi, vl, imv",160,216,248,48244,2501
2482,"Caudoputamen- intermediate, ventrolateral, ventral","CPi, vl, v",160,216,248,48245,2501
2481,"Caudoputamen- intermediate, ventrolateral, ventral tip","CPi, vl, vt",160,216,248,48246,2501
2370,"Caudoputamen- intermediate, ventrolateral, central ventrolateral","CPi, vl, cvl",160,216,248,48247,2501
2496,Caudoputamen- caudal,CPc,160,216,248,48250,672
2493,"Caudoputamen- caudal, dorsal","CPc, d",160,216,248,48251,2496
2484,"Caudoputamen- caudal, dorsal, dorsomedial","CPc, d, dm",160,216,248,48252,2493
2485,"Caudoputamen- caudal, dorsal, dorsolateral","CPc, d, dl",160,216,248,48253,2493
2486,"Caudoputamen- caudal, dorsal, ventromedial","CPc, d, vm",160,216,248,48254,2493
2494,"Caudoputamen- caudal, intermediate","CPc, i",160,216,248,48255,2496
2487,"Caudoputamen- caudal, intermediate, dorsal","CPc, i, d",160,216,248,48256,2494
2489,"Caudoputamen- caudal, intermediate, ventromedial","CPc, i, vm",160,216,248,48257,2494
2488,"Caudoputamen- caudal, intermediate, ventrolateral","CPc, i, vl",160,216,248,48258,2494
2490,"Caudoputamen- caudal, ventral","CPc, v",160,216,248,48259,2496
2495,Caudoputamen- caudal extreme,CPce,160,216,248,48260,672
2001,Lateral stripe of the striatum ,LSS,160,216,248,48296,672
2050,Amygdalostriatal transition area,ASt ,160,216,248,48297,672
493,Striatum ventral region,STRv,160,232,232,48300,477
56,Accumbens nucleus,Acb,160,232,224,48400,493
2074,"Accumbens nucleus, core region",AcbC,160,232,224,48410,56
2006,"Accumbens nucleus, shell region",AcbSh,160,232,224,48420,56
2007,"Lateral accumbens, shell region",LAcbSh,160,232,224,48430,56
998,Interstitial nucleus of the posterior limb of the anterior commissure,IPAC,160,228,224,48500,493
2012,"Interstitial nucleus of the posterior limb of the anterior commissure, medial part",IPACM,160,228,224,48510,998
2372,"Interstitial nucleus of the posterior limb of the anterior commissure, lateral part",IPACL,160,228,224,48520,998
754,Olfactory tubercle,Tu,160,224,224,48600,493
481,Island of Calleja,ICj,160,224,224,48700,754
489,"Island of Calleja, major island",ICjM,160,224,224,48800,754
458,Olfactory tubercle 1 ,Tu1,160,224,224,49000,754
465,Olfactory tubercle 2,Tu2,160,224,224,49100,754
473,Olfactory tubercle 3,Tu3,160,224,224,49200,754
2018,Navicular nucleus of the basal forebrain,Nv,160,224,224,49210,754
275,Lateral septal complex,LSX,160,239,232,49300,477
242,Lateral septal nucleus,LS,153,239,232,49400,275
250,"Lateral septal nucleus, dorsal part",LSD,153,237,232,49500,242
258,"Lateral septal nucleus, intermediate part",LSI,153,237,233,49600,242
266,"Lateral septal nucleus, ventral part",LSV,153,237,234,49700,242
2008,Zona limitans,ZL,153,237,234,49710,242
310,Septofimbrial nucleus,SFi ,147,239,232,49800,275
333,Septohippocampal nucleus,SHi ,139,239,232,49900,275
2009,Septohypothalamic nucleus,SHy ,139,239,232,49910,275
278,Striatum-like amygdalar nuclei,sAMY,160,208,232,50000,477
23,Anterior amygdaloid area,AA,186,208,248,50100,278
292,Bed nucleus of the accessory olfactory tract,BAOT,160,208,232,50200,278
536,Central amygdalar nucleus,Ce,171,208,248,50300,278
544,"Central amygdaloid nucleus, capsular part",CeC,171,209,248,50400,536
551,"Central amygdaloid nucleus, lateral part",CeL,171,209,249,50500,536
559,"Central amygdaloid nucleus, medial part",CeM,171,209,250,50600,536
1105,Intercalated nuclei of the amygdala,I,184,208,248,50700,278
2375,"Intercalated amygdalar nucleus, main part",IM,184,208,248,50710,1105
403,Medial amygdaloid nucleus,Me,176,208,248,50800,278
411,"Medial amygdaloid nucleus, anterodorsal part",MeAD,176,209,248,50900,403
418,"Medial amygdaloid nucleus, anterventral part",MeAV,176,208,249,51000,403
426,"Medial amygdaloid nucleus, posterodorsal part",MePD,176,208,250,51100,403
435,"Medial amygdaloid nucleus, posteroventral part",MePV ,176,208,251,51500,403
803,Pallidum,PAL,160,200,176,51600,623
1022,Globus pallidus,GP,160,216,177,51800,803
1031,Entopeduncular nucleus,EP,160,216,178,51900,803
835,Ventral pallidum,VP,160,208,176,52000,803
342,Substantia innominata,SI,152,208,176,52100,803
2371,"Substantia innominata, basal part",SIB,152,208,176,52110,342
2027,Extension of the amygdala,EA,152,208,176,52120,342
2013,Cell bridges of the ventral striatum,CB,160,228,224,52130,342
298,Magnocellular nucleus,MCPO,162,208,176,52200,835
2028,Basal nucleus (Meynert),B,162,208,176,52210,835
826,"Pallidum, medial region",PALm,160,224,176,52300,803
904,Medial septal complex,MSC,160,224,176,52400,826
564,Medial septal nucleus,MS,118,224,176,52500,904
2005,Lambdoid septal zone,Ld,118,224,176,52510,564
2280,Diagonal band nucleus,NDB,138,224,176,52600,904
596,Nucleus of the vertical limb of the diagonal band,VDB,138,224,176,52610,2280
2293,Lateral nucleus of the diagnoal band,LDB,138,224,176,52620,2280
2004,Nucleus of the horizontal limb of the diagonal band,HDB,138,224,176,52630,2280
581,Triangular septal nucleus,TS,128,224,176,52700,826
809,"Pallidum, caudal region",PALc,160,190,176,52800,803
2308,Nucleus of stria medullaris,SM,160,190,176,52810,809
351,Bed nuclei of the stria terminalis,ST,160,190,160,52900,809
359,"Bed nuclei of the stria terminalis, anterior division",STa,160,190,161,53000,351
537,"Bed nucleus of the stria terminalis, medial division, anterolateral part",STMAL,160,190,161,53100,359
498,"Bed nucleus of the stria terminalis, medial division, anterior part",STMA,160,190,161,53200,359
513,"Bed nuclei of the stria terminalis, fusiform nucleus",Fu,160,190,161,53400,359
546,"Bed nucleus of the stria terminalis, lateral division, juxtacapsular part",STLJ,160,190,161,53500,359
554,"Bed nucleus of the stria terminalis, lateral division, dorsal part",STLD,160,190,161,53700,359
529,"Bed nucleus of the stria terminalis, medial division, posterolateral part",STMPL,160,190,161,53900,359
2359,"Bed nuclei of the stria terminalis, medial division",STm,160,190,161,53910,351
2010,"Bed nucleus of the stria terminalis, medial division, ventral part",STMV,160,190,161,53920,2359
2025,"Bed nucleus of the stria terminalis, medial division, posteromedial part",STMPM,160,190,168,53930,2359
367,"Bed nuclei of the stria terminalis, posterior division",STp,160,190,168,54000,351
578,"Bed nucleus of the stria terminalis, medial division, anteromedial part",STMAM,160,190,168,54200,367
585,"Bed nucleus of the stria terminalis, medial division, posterointermediate part",STMPI,160,190,168,54300,367
2360,"Bed nuclei of the stria terminialis, lateral division",STl,160,190,168,54510,351
2015,"Bed nuclus of the stria terminalis, lateral division, posterior part",STLP,160,190,168,54520,2360
2014,"Bed nucleus of the stria terminalis, lateral division, ventral part ",STLV,160,190,168,54530,2360
2022,"Bed nucleus of the stria terminalis, lateral division, intermediate part",STLI,160,190,168,54540,2360
2049,"Bed nucleus of the stria terminalis, intraamygdaloid",STIA,160,190,168,54550,351
287,Bed nucleus of the anterior commissure,BAC,160,190,152,54600,809
512,Cerebellum,CB,240,255,160,54700,8
528,Cerebellar cortex,CBX,240,240,128,54800,512
645,Vermal regions,VERM,240,242,128,54900,528
912,Lobule 1 of the cerebellar vermis,1Cb,240,242,128,55000,645
10707,"Lobule 1 of the cerebellar vermis, molecular layer",1Cb-mo,240,242,128,55100,912
10705,"Lobule 1 of the cerebellar vermis, granular layer",1Cb-gr,227,219,97,55300,912
976,Lobule 2 of the cerebellar vermis,2Cb,240,242,128,55500,645
10710,"Lobule 2 of the cerebellar vermis, molecular layer",2Cb-mo,240,242,128,55600,976
10708,"Lobule 2 of the cerebellar vermis, granular layer",2Cb-gr,227,219,97,55800,976
984,Lobule 3 of the cerebellar vermis,3Cb,240,242,128,55900,645
10713,"Lobule 3 of the cerebellar vermis, molecular layer",3Cb-mo,240,242,128,56000,984
10711,"Lobule 3 of the cerebellar vermis, granular layer",3Cb-gr,227,219,97,56200,984
928,Culmen,CUL,240,242,128,56300,645
992,Lobule 4 of the cerebellar vermis,4Cb,240,242,128,56400,928
1001,Lobule 5 of the cerebellar vermis,5Cb,240,242,128,56800,928
1091,Lobules 4 and 5 of the cerebellar vermis,4/5Cb,240,242,128,57200,928
10722,"Lobules 4 and 5 of the cerebellar vermis, molecular layer",4/5Cb-mo,240,242,128,57300,1091
10720,"Lobules 4 and 5 of the cerebellar vermis, granular layer",4/5Cb-gr,227,219,97,57500,1091
936,Lobule 6 of the cerebellar vermis,6Cb,240,242,128,57600,645
10725,"Lobule 6 of the cerebellar vermis, molecular layer",6Cb-mo,240,242,128,57700,936
10723,"Lobule 6 of the cerebellar vermis, granular layer",6Cb-gr,227,219,97,57900,936
944,Lobule 7 of the cerebellar vermis,7Cb,240,242,128,58000,645
10728,"Lobule 7 of the cerebellar vermis, molecular layer",7Cb-mo,240,242,128,58100,944
10726,"Lobule 7 of the cerebellar vermis, granular layer",7Cb-gr,227,219,97,58300,944
951,Lobule 8 of the cerebellar vermis,8Cb,240,242,128,58400,645
10731,"Lobule 8 of the cerebellar vermis, molecular layer",8Cb-mo,240,242,128,58500,951
10729,"Lobule 8 of the cerebellar vermis, granular layer",8Cb-gr,227,219,97,58700,951
957,Lobule 9 of the cerebellar vermis,9Cb,240,242,128,58800,645
10734,"Lobule 9 of the cerebellar vermis, molecular layer",9Cb-mo,240,242,128,58900,957
10732,"Lobule 9 of the cerebellar vermis, granular layer",9Cb-gr,227,219,97,59100,957
968,Lobule 10 of the cerebellar vermis,10Cb,240,242,128,59200,645
10737,"Lobule 10 of the cerebellar vermis, molecular layer",10Cb-mo,240,242,128,59300,968
10735,"Lobule 10 of the cerebellar vermis, granular layer",10Cb-gr,227,219,97,59500,968
1073,Hemispheric regions,HEM,240,241,128,59600,528
1007,Simple lobule,Sim,240,241,128,59700,1073
10674,"Simple lobule, molecular layer",Sim-mo,240,241,128,59800,1007
10672,"Simple lobule, granular layer",Sim-gr,227,219,97,60000,1007
1056,Crus 1 of the ansiform lobule,Crus1,240,241,128,60200,1073
10677,"Crus 1 of the ansiform lobule, molecular layer",Crus1-mo,240,241,128,60300,1056
10675,"Crus 1 of the ansiform lobule, granular layer",Crus1-gr,227,219,97,60500,1056
1064,Crus 2 of the ansiform lobule,Crus2,240,241,128,60600,1073
10680,"Crus 2 of the ansiform lobule, molecular layer",Crus2-mo,240,241,128,60700,1064
10678,"Crus 2 of the ansiform lobule, granular layer",Crus2-gr,227,219,97,60900,1064
1025,Paramedian lobule,PM,240,241,128,61000,1073
10683,"Paramedian lobule, molecular layer",PM-mo,240,241,128,61100,1025
10681,"Paramedian lobule, granular layer",PM-gr,227,219,97,61300,1025
1033,Copula of the pyramis,Cop,240,241,128,61400,1073
10686,"Copula of the pyramis, molecular layer",Cop-mo,240,241,128,61500,1033
10684,"Copula of the pyramis, granular layer",Cop-gr,227,219,97,61700,1033
1041,Paraflocculus,PFl,240,241,128,61800,1073
10689,"Paraflocculus, molecular layer",PFl-mo,240,241,128,61900,1041
10687,"Paraflocculus, granular layer",PFl-gr,227,219,97,62100,1041
1049,Flocculus,Fl,240,241,128,62200,1073
10692,"Flocculus, molecular layer",Fl-mo,240,241,128,62300,1049
10690,"Flocculus, granular layer",Fl-gr,227,219,97,62500,1049
519,Cerebellar nuclei,CBN,240,240,144,62900,512
989,Medial cerebellar nucleus,Med,240,240,82,63000,519
2244,"Medial cerebellar nucleus, dorsolateral protuberance",MedDL,240,240,82,63010,989
2245,"Medial cerebellar nucleus, lateral part",MedL,240,240,82,63020,989
91,Interposed cerebellar nucleus,Int,240,240,82,63100,519
2239,"Interposed cerebellar nucleus, anterior part",IntA,240,240,82,63110,91
2240,"Interposed cerebellar nucleus, dorsolateral hump",IntDL,240,240,82,63120,91
2241,"Interposed cerebellar nucleus, posterior part",IntP,240,240,82,63130,91
2242,"Interposed cerebellar nucleus, posterior parvicellular",IntPPC,240,240,82,63140,91
2281,Dentate nucleus ,DN,240,240,82,63200,519
846,Lateral (dentate) cerebellar nucleus,Lat,240,240,82,63210,2281
2247,"Lateral cerebellar nucleus, parvicellular part",LatPC,240,240,82,63220,2281
343,Brain stem,BS,144,96,128,63300,8
1129,Interbrain,IB,255,95,95,63400,343
549,Thalamus,TH,255,112,128,63500,1129
2414,Periventricular gray ,PVG,255,112,128,63510,549
864,"Thalamus, sensory-motor cortex related",DORsm,255,128,176,63600,549
2115,Ethmoid thalamic nucleus,Eth,255,131,130,63610,864
2116,Retroethmoid nucleus,REth,255,131,130,63620,864
2117,Scaphoid thalamic nucleus,Sc,255,131,130,63630,864
2120,Posterior intralaminar thalamic nucleus,PIL,255,108,144,63640,864
637,Ventral group thalamic nucleus,VENT,255,108,160,63700,864
629,Ventrolateral thalamic nucleus,VL,255,108,161,63800,637
2316,Ventral anterior thalamic nucleus,VA,255,108,161,63810,637
685,Ventromedial thalamic nucleus,VM,255,108,162,63900,637
709,Ventral posterior thalamic nucleus,VP,255,108,144,64000,637
718,Ventral posterolateral thalamic nucleus,VPL,255,108,145,64100,709
733,Ventral posteromedial thalamic nucleus,VPM,255,108,147,64200,709
2362,"Ventral posteromedial nucleus of the thalamus, dorsal part",VPMd,255,108,147,64210,733
2363,"Ventral posteromedial nucleus of the thalamus, ventral part",VPMv,255,108,147,64220,733
2361,"Ventral posterior nucleus of the thalamus, parvicellular",VPPC,255,108,147,64230,709
406,Subparafascicular thalamic nucleus,SPF,255,112,165,64500,864
422,"Subparafascicular thalamic nucleus, parvicellular part",SPFPC,255,110,165,64700,406
1044,Peripeduncular nucleus,PP,255,112,163,64900,864
2158,Subbrachial nucleus,SubB,255,112,160,64910,864
1008,Geniculate group of the thalamus,GENd,255,112,160,65000,864
475,Medial geniculate nucleus,MG,255,112,162,65100,1008
1072,"Medial geniculate nucleus, dorsal part",MGD,255,112,162,65200,475
1079,"Medial geniculate nucleus, ventral part",MGV,255,112,162,65300,475
1088,"Medial geniculate nucleus, medial part",MGM,255,112,162,65400,475
2126,Marginal zone of the medial geniculate,MZMG,255,112,162,65410,475
170,Dorsal lateral geniculate nucleus,DLG,255,112,161,65500,1008
856,"Thalamus, polymodal association cortex related",DORpm,255,136,176,65600,549
138,Lateral group of the dorsal thalamus,LAT,255,130,130,65700,856
218,Lateral posterior thalamic nucleus,LP,255,135,130,65800,138
2069,"Lateral posterior thalamic nucleus, mediorostral part",LPMR,255,135,130,65810,218
2070,"Lateral posterior thalamic nucleus, mediocaudal part",LPMC,255,135,130,65820,218
2071,"Lateral posterior thalamic nucleus, laterorostral part",LPLR,255,135,130,65830,218
2127,"Lateral posterior thalamic nucleus, laterocaudal part",LPLC,255,135,130,65840,218
2094,Intramedullary thalamic area,IMA,255,135,130,65850,138
1020,Posterior thalamic nuclear group,Po,255,134,130,65900,138
2055,Angular thalamic nucleus,Ang,255,134,130,65910,1020
2128,"Posterior thalamic nuclear group, triangular part",PoT,255,134,130,65920,1020
1029,Posterior limitans thalamic nucleus,PLi,255,133,130,66000,138
325,Suprageniculate thalamic nucleus,SG,255,131,130,66100,138
239,Anterior group of the dorsal thalamus,ATN,255,136,136,66200,856
255,Anteroventral thalamic nucleus,AV,255,136,133,66300,239
2035,"Anteroventral thalamic nucleus, ventrolateral part",AVVL,255,136,133,66310,255
2036,"Anterovent thalamic nucleus, dorsomedial part",AVDM,255,136,133,66320,255
1096,Anteromedial thalamic nucleus,AM,255,136,134,66400,239
1104,"Anteromedial thalamic nucleus, ventral part",AMV,255,136,134,66600,1096
64,Anterodorsal thalamic nucleus,AD,255,136,135,66700,239
1120,Interanteromedial thalamic nucleus,IAM,255,136,129,66800,239
1113,Interanterodorsal thalamic nucleus,IAD,255,144,159,66900,239
2282,Lateral dorsal nucleus of thalamus,LD,255,136,128,67000,239
155,"Laterodorsal thalamic nucleus, ventrolateral part",LDVL,255,136,128,67010,2282
2046,"Laterodorsal thalamic nucleus, dorsomedial part",LDDM,255,136,128,67020,2282
444,Medial group of the dorsal thalamus,MED,255,144,176,67100,856
59,Intermediodorsal thalamic nucleus,IMD,255,144,164,67200,444
2091,Posteromedian thalamic nucleus,PoMn,255,144,164,67210,444
362,Mediodorsal thalamic nucleus,MD,255,144,163,67300,444
617,"Mediodorsal thalamic nucleus, central part",MDC,255,144,163,67400,362
626,"Mediodorsal thalamic nucleus, lateral part ",MDL,255,144,163,67500,362
636,"Mediodorsal thalamic nucleus, medial part",MDM,255,144,163,67600,362
366,Submedius thalamic nucleus,Sub,255,144,161,67700,444
2377,"Submedius thalamic nucleus, dorsal part",SubD,255,144,161,67710,366
2378,"Submedius thalamic nucleus, ventral part",SubV,255,144,161,67720,366
571,Midline group of the dorsal thalamus,MTN,255,134,134,67900,856
149,Paraventricular nucleus of the thalamus,PVT,255,133,133,68000,571
3001,"Paraventricular nucleus of the thalamus, anterior part",PVTa,255,133,133,68010,149
2089,"Paraventricular thalamic nucleus, anterior part",PV,255,133,133,68010,149
2090,"Paraventricular thalamic nucleus, posterior part",PVP,255,133,133,68020,149
15,Parataenial thalamic nucleus,PT,255,133,134,68100,571
2038,Xiphoid thalamic nucleus,Xi,255,133,134,68110,571
2039,Paraxiphoid nucleus of thalamus,PaXi,255,133,134,68120,2038
2032,Accessory neuosecretory nuclei,ANS,255,133,134,68130,571
181,Reuniens area,RE,255,133,132,68200,571
2092,Reuniens thalamic nucleus,Re,255,133,132,68210,181
2093,Retrouniens area,RRe,255,133,132,68220,181
2037,Ventral reuniens thalamic nucleus,VRe ,255,133,132,68230,181
51,Intralaminar nuclei of the dorsal thalamus,ILM,255,136,132,68300,856
189,Rhomboid thalamic nucleus,Rh,255,128,132,68400,51
599,Central medial thalamic nucleus,CM,255,134,132,68500,51
907,Paracentral thalamic nucleus,PC,255,132,132,68600,51
2064,Oval paracentral thalamic nucleus,OPC,255,132,132,68610,907
575,Centrolateral thalamic nucleus,CL,255,135,132,68700,51
930,Parafascicular thalamic nucleus,PaF,255,130,132,68800,51
262,"Reticular nucleus, prethalamus",Rt,255,128,128,68900,856
1014,"Geniculate group, ventral thalamus",GENv,255,135,133,69000,856
27,Intergeniculate leaflet,IGL,255,135,134,69100,1014
178,Pregeniculate nucleus of the prethalamus,PrG,255,135,135,69200,1014
2072,"Pregeniculate nucleus, magnocellular part",PrGMC,255,135,135,69210,178
2073,"Pregeniculate nucleus, parvicellular part",PrGPC,255,135,135,69220,178
321,Subgeniculate nucleus of the prethalamus,SubG,255,135,133,69500,1014
958,Epithalamus,EPI,255,136,144,69600,856
483,Medial habenular nucleus,MHb,255,134,144,69700,958
186,Lateral habenular nucleus,LHb,255,135,144,69800,958
2058,"Lateral habenular nucleus, medial part",LHbM,255,135,144,69810,186
2059,"Lateral habenular nucleus, lateral part",LHbL,255,135,144,69820,186
953,Pineal gland,Pi,255,132,144,69900,958
1097,Hypothalamus,HY,255,105,110,70000,1129
157,Periventricular zone,PVZ,255,76,80,70100,1097
390,Supraoptic nucleus,SO,255,76,60,70200,157
2051,"Supraoptic nucleus, retrochiasmatic part",SOR,255,76,60,70210,390
2034,Episupraoptic nucleus,ESO,255,76,60,70220,390
332,Accessory supraoptic group,ASO,255,76,62,70300,157
432,Circulur nucleus,Cir,255,76,62,70400,332
38,"Paraventricular hypothalamic nucleus, anterior part",PVA,255,76,77,70500,157
71,"Paraventricular hypothalamic nucleus, magnocellular division",PVAm,255,76,76,70600,38
79,"Paraventricular hypothalamic nucleus, medial magnocellular part",PaMM,255,76,74,70800,71
652,"Paraventricular hypothalamic nucleus, lateral magnocellular part",PaLM,255,76,73,71000,71
660,"Paraventricular hypothalamic nucleus, posterior part",PaPo,255,76,73,71100,71
94,"Paraventricular hypothalamic nucleus, parvicellular division",PVAp,255,76,72,71200,38
55,"Paraventricular hypothalamic nucleus, anterior parivcellular part",PaAP,255,76,69,71300,71
2026,Anterior perifornical nucleus,APF,255,76,69,71310,55
87,"Paraventricular hypothalamic nucleus, medial parvicellular part",PaMP,255,76,71,71400,94
30,"Paraventricular hypothalamic nucleus, ventral part",PaV,255,76,78,71600,157
223,Arcuate hypothalamic nucleus,Arc,255,76,79,71800,157
2061,"Arcuate hypothalamic nucleus, dorsal part",ArcD,255,76,79,71810,223
2062,"Arcuate hypothalamic nucleus, lateral part",ArcL,255,76,79,71820,223
2104,"Arcuate hypothalamic nucleus, lateroposterior part",ArcLP,255,76,79,71830,223
2095,"Arcuate hypothalamic nucleus, medial part",ArcM,255,76,79,71840,223
2103,"Arcuate hypothalamic nucleus, medial posterior part",ArcMP,255,76,79,71850,223
141,Periventricular region,PVR,255,77,80,71900,1097
272,Anteroventral periventricular nucleus,AVPe,255,77,84,72300,141
668,Dorsal hypothalamic area,DA,255,77,85,72350,141
830,Dorsomedial hypothalamic nucleus,DM,255,77,85,72400,141
2076,"Dorsomedial hypothalamic nucleus, dorsal part",DMD,255,77,85,72500,830
2077,"Dorsomedial hypothalamic nucleus, compact part",DMC,255,77,85,72600,830
2078,"Dorsomedial hypothalamic nucleus, ventral part",DMV,255,77,85,72700,830
452,Median preoptic nucleus,MnPO,255,77,86,72800,141
2307,DA14 Dopamine Cells,DA14,255,77,86,72810,141
523,Medial preoptic area,MPA,255,77,87,72900,141
2016,Strial part of the preoptic area,StA,255,77,87,72910,523
2023,Striohypothalamic nucleus,StHy,255,77,87,72920,523
2306,Anterior commissural nucleus,AC,255,77,87,72930,523
763,Vascular organ of the lamina terminalis,VOLT,255,77,88,73000,141
914,Posterodorsal preoptic nucleus,PDPO,255,77,89,73100,141
1109,Parastrial nucleus,PS,255,77,90,73200,141
133,Periventricular hypothalamic nucleus,Pe,255,77,93,73500,141
347,Subparaventricular zone of the hypothalamus,SPa ,255,77,80,73600,141
286,Suprachiasmatic nucleus,SCh,255,77,94,73700,141
2030,"Suprachiasmatic nucleus, dorsolateral part",SChDL,255,77,94,73710,286
2031,"Suprachiasmatic nucleus, ventromedial part",SChVM,255,77,94,73720,286
338,Subfornical organ,SFO,255,77,80,73800,141
2011,Ventromedidal preoptic nucleus,VMPO,255,77,80,73810,141
689,Ventrolateral preoptic nucleus,VLPO,255,77,80,73900,141
467,Hypothalamic medial zone,MEZ ,255,78,80,74000,1097
88,Anterior hypothalamic nucleus,AHN,255,78,81,74100,467
700,"Anterior hypothalamic area, anterior part",AHA,255,78,81,74200,88
708,"Anterior hypothalamic area, central part",AHC,255,78,81,74300,88
724,"Anterior hypothalamic area, posterior part",AHP,255,78,81,74500,88
2029,Lateroanterior hypothalamic nucleus,LA,255,78,81,74510,88
2047,Stigmoid hypothalamic nucleus,Stg,255,78,81,74520,724
331,Mammillary body,MBO,255,78,82,74600,467
210,Lateral mamilllary nucleus,LM,255,78,83,74700,331
491,"Medial mammillary nucleus, medial part",MM,255,78,84,74800,331
2118,Mammillary recess of the 3rd ventricle,MRe,255,78,84,74810,491
2119,"Medial mammillary nucleus, lateral part",ML,255,78,84,74820,491
732,"Medial mammillary nucleus, median part",MnM,255,78,84,74900,491
525,Retromamillary nucleus,RM,255,78,85,75000,331
1110,"Retromamillary nucleus, lateral part",RML,255,78,85,75100,525
1118,"Retromamillary nucleus, medial part",RMM,255,78,85,75200,525
557,Tuberomammillary nucleus,TM,255,78,86,75300,331
1126,Dorsal tuberomammillary nucleus,DTM,255,78,86,75400,557
1,Ventral tuberomammillary nucleus,VTM,255,78,86,75500,557
515,Medial preoptic nucleus,MPO,255,78,87,75600,467
748,"Medial preoptic nucleus, lateral part",MPOL,255,78,87,75800,515
756,"Medial preoptic nucleus, medial part",MPOM,255,78,87,75900,515
980,"Premamillary nucleus, dorsal part",PMD,255,78,88,76000,467
1004,"Premamillary nucleus, ventral part",PMV,255,78,89,76100,467
63,"Paraventricular hypothalamic nucleus, descending division",PVHd,255,78,90,76200,467
439,"Paraventricular hypothalamic nucleus, dorsal cap",PaDC,255,78,90,76300,63
693,Ventromedial hypothalamic nucleus,VMH,255,78,91,76700,467
2044,"Ventromedial hypothalamic nucleus, shell region",VMHSh,255,78,91,76710,693
769,"Ventromedial hypothalamic nucleus, central part",VMHC,255,78,91,76900,693
777,"Ventromedial hypothalamic nucleus, dorsomedial part",VMHDM,255,78,91,77000,693
785,"Ventromedial hypothalamic nucleus, ventrolateral part",VMHVL,255,78,91,77100,693
2474,Posterior hypothalamic area,PHA,255,78,91,77110,467
946,Posterior hypothalamic nucleus,PH,255,79,83,77150,2474
2364,"Posterior hypothalamic nucleus, dorsal part",PHnd,255,79,83,77160,946
2365,"Posterior hypothalamic nucleus, ventral part",PHnv,255,79,83,77170,946
2075,"Posterior hypothalamic area, dorsal part",PHD,255,79,83,77180,946
2102,Submammillothalamic nucleus,SMT,255,79,83,77190,946
290,Hypothalamic lateral zone,LZ,255,79,80,77200,1097
2309,Juxtaparaventricular part of lateral hypothalamus,JPLH,255,79,81,77300,194
194,Lateral hypothalamic area,LH,255,79,81,77300,290
2065,Magnocellular nucleus of the lateral hypothalamus,MCLH,255,79,81,77310,194
2033,Ventrolateral hypothalamic nucleus ,VLH,255,79,81,77320,194
2105,Gemini hypothalamic nucleus,Gem,255,79,81,77330,194
2081,Peduncular lateral hypothalamus,PLH,255,79,81,77340,194
2048,Tuberal region of lateral hypothalamus,TuLH,255,79,81,77350,194
2473,Perifornical part of lateral hypothalamus,PeFLH,255,79,81,77360,194
226,Lateral preoptic area,LPO,255,79,82,77400,290
2379,Paraterete nucleus,PTe,255,79,80,77610,290
364,Parasubthalamic nucleus,PSTh,255,79,80,77700,290
173,Retrochiasmatic area,RCh,255,79,84,77800,290
2283,"Retrochiasmatic area, medial part",RChM,255,79,84,77850,173
2042,"Retrochiasmatic area, lateral part",RchL,255,79,84,77810,173
470,Subthalamic nucleus,STh,255,79,85,77900,290
2063,Subincertal nucleus,SubI,255,79,85,77910,290
614,Medial tuberal nucleus,MTu,255,79,86,78000,290
2080,Terete hypothalamic nucleus,Te,255,79,86,78010,614
2079,Perifornical nucleus,PeF,255,79,86,78020,290
2111,Ventral linear nucleus of the thalamus,VLi,255,79,87,78030,290
797,Zona incerta,ZI,255,79,87,78100,290
2125,"Zona incerta, caudal part",ZIC,255,79,87,78110,797
2043,"Zona incerta, rostral part",ZIR,255,79,87,78120,797
2053,"Zona incerta, dosal part",ZID,255,79,87,78130,797
2054,"Zona incerta, ventral part",ZIV,255,79,87,78140,797
796,DA13 dopamine cells,DA13,255,79,87,78200,797
2110,Nucleus of the fields of Forel,F,255,79,87,78300,797
2191,A7 noradrenaline cells,A7,255,79,87,78320,987
2246,A5 noradrenaline cells,A5,255,79,87,78330,354
2477,Ad1 adrenaline cells,Ad1,255,79,87,78340,370
2478,Ad2 adrenaline cells,Ad2,255,79,87,78350,370
2266,Ad3 adrenaline cells,Ad3,255,79,87,78360,370
10671,Median eminence,ME,255,80,80,78400,1097
313,Midbrain,MB,255,200,255,78500,343
2107,Prerubral field,PR,255,200,255,78510,313
339,"Midbrain, sensory related",MBsen,255,176,254,78600,313
2476,Superior colliculus,SC,255,176,254,78610,339
302,"Superior colliculus, sensory related",SCs,255,152,250,78700,2476
851,Optic layer of the superior colliculus,Op,255,152,250,78800,302
842,Superficial gray layer of the superior colliculus,SuG,255,152,250,78900,302
834,Zonal layer of superior colliculus,Zo,255,152,250,79000,302
4,Inferior colliculus,IC,255,152,255,79100,339
811,Central nucleus of the inferior colliculus,CIC,255,152,255,79200,4
820,Dorsal cortex of the inferior colliculus,DCIC,255,152,255,79300,4
828,External cortex of the inferior colliculus,ECIC,255,152,255,79400,4
2188,"External cortex of the inferior colliculus, layer 1",ECIC1,255,152,255,79410,828
2189,"External cortex of the inferior colliculus, layer 2",ECIC2,255,152,255,79420,828
2190,"External cortex of the inferior colliculus, layer 3",ECIC3,255,152,255,79430,828
2457,Commissural nucleus of the inferior colliculus,Com,255,152,255,79440,4
2475,Recess of the inferior colliculus,ReIC,255,152,255,79450,4
580,Nucleus of the brachium of the inferior colliculus,BIC,255,152,253,79500,339
271,Sagulum nucleus,Sag,255,152,251,79600,339
874,Parabigeminal nucleus,PBG,255,152,252,79700,339
2163,Microcellular tegmental nucleus,MiTg,255,152,252,79710,339
460,Mesencephalic trigeminal nucleus,Me5,255,152,254,79800,339
2108,Subcommissural organ ,SCO,255,152,254,79810,339
323,"Midbrain, motor related",MBmot,255,132,255,79900,313
2147,Mesencephalic reticular formation,mRt,255,132,255,79910,323
2131,prosomere 1 reticular formation,p1Rt,255,132,255,79920,323
2181,Isthmic reticular formation,isRt,255,132,255,79930,323
2154,Pararubral nucleus,PaR,255,132,255,79940,323
381,"Substantia nigra, reticular part",SNR,255,178,247,80000,323
749,Ventral tegmental area,VTA,255,178,246,80100,323
2138,Paranigral nucleus of the VTA,PN,255,178,246,80110,749
2144,Parainterfascicular nucleus of the VTA,PIF,255,178,246,80120,749
2124,Parabranchial pigmented nucleus of the VTA,PBP,255,178,246,80130,749
2427,"Ventral tegmental area, rostral part",VTAR,255,178,246,80140,749
2112,Rostral interstitial nucleus of the medial longitudinal fasciculus,RI,255,178,246,80150,313
2101,DA11 dopamine cells,DA11,255,178,246,80160,313
246,Retroisthmic nucleus,RIs,255,178,249,80200,323
2153,Retrorubral field,RRF,255,178,249,80210,246
294,"Superior colliculus, motor related",SCm,255,178,248,80700,2476
26,Deep gray layer of the superior colliculus,DpG,255,178,248,80800,294
42,Deep white layer of the superior colliculus,DpWh,255,178,248,80900,294
17,Intermediate white layer of the superior colliculus,InWh,255,178,248,81000,294
10,Intermediate gray layer of the superior colliculus,InG,255,178,248,81100,294
795,Periaqueductal gray,PAG,255,144,255,81500,323
2141,Dorsomedial periaqueductal gray,DMPAG,255,144,255,81510,795
2142,Lateral periaqueductal gray,LPAG,255,144,255,81520,795
2143,Pleoglial periaqueductal gray,PlPAG,255,144,255,81530,795
2148,Dorsolateral periaqueductal gray,DLPAG,255,144,255,81540,795
2162,Ventrolateral periaqueductal gray,VLPAG,255,144,255,81550,795
2114,prosomere 1 periaqueductal gray,p1PAG,255,144,255,81560,795
2123,Lithoid nucleus,Lth,255,144,255,81570,323
50,Precommissural nucleus,PrC,255,144,255,81600,323
67,Interstitial nucleus of Cajal,InC,255,145,255,81700,323
2129,"Interstitial nucleus of Cajal, shell region",InCSh,255,145,255,81710,67
587,Nucleus of Darkschewitsch,Dk,255,146,255,81800,323
2152,Supraoculomotor cap,Su3C,255,146,255,81810,323
2156,Supraoculomotor periaqueductal gray,Su3,255,146,255,81820,323
1100,Pretectal region,PRT,255,176,250,81900,323
215,Anterior pretectal nucleus,APT,255,176,249,82000,1100
2099,"Anterior pretectal nucleus, dorsal part",APTD,255,176,249,82010,215
2100,"Anterior pretectal nucleus, ventral part",APTV,255,176,249,82020,215
531,Medial pretectal area,MPT,255,176,248,82100,1100
2415,Retrocommissural nucleus,ReC,255,176,248,82110,1100
628,Nucleus of the optic tract,OT,255,176,247,82200,1100
634,Nucleus of the posterior commissure,PCom,255,176,246,82300,1100
2121,Magnocellular nucleus of the posterior commissure,MCPC,255,176,246,82310,634
706,Olivary pretectal nucleus,OPT,255,176,245,82400,1100
1061,Posterior pretectal nucleus,PPT,255,176,244,82500,1100
2122,Retroparafascicular nucleus,RPF,255,176,244,82510,1100
616,Cuneiform nucleus,CnF,255,178,254,82600,323
2192,Precuneiform area,PrCnF,255,178,254,82610,616
214,Red nucleus,R,255,134,249,82700,323
2137,"Red nucleus, parvicellular part",RPC,255,134,249,82710,214
2139,"Red nucleus, magnocellular part",RMC,255,134,249,82720,214
2136,Medial accessory oculomotor nucleus,MA3,255,168,255,82730,323
35,Oculomotor nerve,3N,255,168,255,82800,323
2157,"Oculomotor nucleus, parvicellular part",3PC,255,168,255,82810,35
975,Edinger-Westphal nucleus,EW,255,178,253,82900,323
2130,Pre-Edinger-Westphal nucleus,PrEW,255,178,253,82910,975
115,Trochlear nucleus,4N,255,178,255,83000,323
2180,Trochlear nucleus shell region,4Sh,255,178,255,83010,115
2179,Paratrochlear nucleus,Pa4,255,178,255,83020,115
757,Ventral tegmental nucleus,VTg,255,177,250,83100,323
231,Anterior tegmental nucleus,ATg,255,177,252,83200,323
2168,Rhabdoid nucleus,Rbd,255,177,252,83210,323
66,Lateral terminal nucleus of the accessory optic tract,LT,255,177,253,83300,323
75,Dorsal terminal nucleus,DT,255,177,253,83400,323
58,Medial terminal nucleus,MT,255,177,253,83500,323
615,"Substantia nigra, lateral part",SNL,255,178,247,83600,323
348,"Midbrain, behavioral state related",MBsta,255,176,253,83700,313
374,"Substantia nigra, compact part",SNC,255,158,248,83800,348
2134,"Substantia nigra, compact part, dorsal tier",SNCD,255,158,248,83810,374
2135,"Substantia nigra, compact part, medial tier",SNCM,255,158,248,83820,374
1052,Pedunculotegmental nucleus,PTg,255,158,255,83900,348
2183,Subpeduncular tegmental nucleus,SPTg,255,158,255,83910,1052
165,Midbrain raph nuclei,RAmb,255,158,254,84000,348
12,Interfascicular nucleus,IF,255,158,251,84100,165
100,Interpeduncular nucleus,IP,255,158,247,84200,165
2140,"Interpeduncular nucleus, rostral subnucleus",IPR,255,158,247,84210,100
2145,"Interpeduncular nucleus, lateral subnucleus",IPL,255,158,247,84220,100
2146,"Interpeduncular nucleus, caudal subnucleus",IPC,255,158,247,84230,100
2149,"Interpeduncular nucleus, dorsomedial subnucleus",IPDM,255,158,247,84240,100
2151,"Interpeduncular nucleus, dorsolateral subnucleus",IPDL,255,158,247,84250,100
2150,"Interpeduncular nucleus, intermediate subnucleus",IPI,255,158,247,84260,100
2160,"Interpeduncular nucleus, apical subnucleus",IPA,255,158,247,84270,100
197,Rostral linear nucleus (midbrain),RLi ,255,158,249,84300,165
591,Caudal linear nucleus of the raph,CLi,255,158,253,84400,165
872,Dorsal raph nucleus,DR,255,158,252,84500,165
2173,"Dorsal raph nucleus, caudal part",DRC,255,158,252,84510,872
2174,"Dorsal raph nucleus, dorsal part",DRD,255,158,252,84520,872
2175,Dorsal raph interfascicular part,DRI,255,158,252,84530,872
2176,"Dorsal raph nucleus, lateral part",DRL,255,158,252,84540,872
2177,"Dorsal raph nucleus, ventral part",DRV,255,158,252,84550,872
2178,Posterodorsal raph nucleus,PDR,255,158,252,84560,872
1065,Hindbrain,HB,255,155,168,84600,343
771,Pons,P,255,155,136,84700,1065
1132,"Pons, sensory related",P-sen,255,170,98,84800,771
612,Paralemniscal nucleus,PL,255,170,97,84900,1132
82,Dorsal nucleus of the lateral lemniscus,DLL,255,170,97,85000,612
99,Ventral nucleus of the lateral lemniscus,VLL,255,170,97,85200,612
2172,Intermediate nucleus of the lateral lemniscus,ILL,255,170,97,85210,612
2184,"Triangular nucleus, lateral lemniscus",TrLL,255,170,97,85220,612
7,Principal sensory trigeminal nucleus,Pr5,255,170,95,85300,1132
2203,"Principal sensory trigeminal nucleus, dorsomedial part",Pr5DM,255,170,95,85310,7
2202,"Principal sensory trigeminal nucleus, ventrolateral part",Pr5VL,255,170,95,85320,7
867,Parabrachial nucleus,PB,255,170,96,85400,1132
123,Kolliker-Fuse nucleus,KF,255,165,96,85500,867
881,Lateral parabrachial nucleus,LPB,255,169,96,85600,867
860,"Lateral parabrachial nucleus, central part",LPBC,255,169,96,85700,881
2458,"Lateral parabrachial nucleus, crescent part",LPBCr,255,169,96,85710,881
868,"Lateral parabrachial nucleus, dorsal part",LPBD,255,169,96,85800,881
875,"Lateral parabrachial nucleus, external part",LPBE,255,169,96,85900,881
883,"Lateral parabrachial nucleus, superior part",LPBS,255,169,96,86000,881
891,"Lateral parabrachial nucleus, ventral part",LPBV,255,169,96,86100,881
2213,"Lateral parabrachial nucleus, internal part",LPBI,255,169,96,86110,881
890,Medial parabrachial nucleus,MPB,255,168,96,86200,867
899,"Medial parabrachial nucleus, external part",MPBE,255,168,96,86300,890
398,Superior olivary complex,SOC,255,170,94,86600,1132
122,"Superior olivary complex, periolivary nucleus",POR,255,170,94,86700,398
2207,Lateroventral periolivary nucleus,LVPO,255,170,94,86710,122
2208,Medioventral periolivary nucleus,MVPO,255,170,94,86720,122
2209,Dorsal periolivary region,DPO,255,170,94,86730,122
2227,Caudal periolivary nucleus,CPO,255,170,94,86740,122
2456,Superior paraolivary nucleus,SPO,255,170,94,86750,398
105,Medial superior olive,MSO,255,170,94,86800,398
114,Lateral superior olive,LSO,255,170,94,86900,398
2187,Nucleus of the central acoustic tract,CAT,255,170,94,86910,398
987,"Pons, motor related",P-mot,255,174,92,87000,771
280,Barrington's nucleus,Bar,255,174,80,87100,987
2459,"Barrington's nucleus, dorsal part",Bard,255,174,80,87110,280
2460,"Barrington's nucleus, ventral part",Barv,255,174,80,87120,280
880,Dorsal tegmental nucleus,DTg,255,174,87,87200,987
2210,"Dorsal tegmental nucleus, central part",DTgC,255,174,87,87210,880
2201,"Dorsal tegmental nucleus, pericentral part",DTgP,255,174,87,87220,880
2230,Posterodorsal tegmental nucleus,PDTg,255,174,87,87230,880
898,Central gray,CG,255,174,120,87400,987
2215,"Central gray, alpha part",CGA,255,174,120,87410,898
2216,"Central gray, beta part",CGB,255,174,120,87420,898
2231,"Central gray, gamma part",CGG,255,174,120,87430,898
2221,"Central gray, nucleus O",CGO,255,174,120,87440,898
931,Pontine nuclei,Pn,255,174,92,87500,987
2206,"Pontine reticular nucleus, caudal part",PnC,255,174,85,87600,987
2197,Dorsomedial tegmental area,DMTg,255,174,85,87610,1117
2220,Sphenoid nucleus,Sph,255,174,92,87710,987
318,Supragenual nucleus,SGe,255,174,84,87800,987
462,Superior salivatory nucleus,SuS,255,174,83,87900,987
534,Supratrigeminal nucleus,Su5,255,174,82,88000,987
574,Reticulotegmental nucleus of the pons,RtTg,255,174,81,88100,987
2165,"Reticulotegmental nucleus of the pons, pericentral part",RtTgP,255,174,81,88110,574
2166,B9 serotonin cells,B9,255,174,81,88120,771
621,Motor trigeminal nucleus,5N,255,174,104,88200,987
2204,"Motor trigeminal nucleus, anterior digastric part",5ADi,255,174,104,88210,621
2453,"Motor trigeminal nucleus, temporalis part",5Te,255,174,104,88210,621
2194,Interfascicular trigeminar nucleus,IF5/5TT,255,174,104,88220,621
2454,"Motor trigeminal nucleus, masseter part",5Ma,255,174,104,88220,621
2455,"Motor trigeminal nucleus, medial pterygoid part",5MPt,255,174,104,88230,621
2193,Peritrigeminal zone,P5,255,174,104,88230,987
1117,"Pons, behavioral state related",P-sat,255,172,120,88300,771
679,Nucleus raphe,NR,255,172,119,88400,1117
137,Paramedian raphe nucleus,PMnR,255,172,119,88500,679
130,Median raphe nucleus,MnR,255,172,119,88600,679
147,Locus coeruleus,LC,255,172,118,88700,1117
2284,Laterodorsal tegmental nucleus,LDT,255,172,117,88800,1117
162,"Laterodorsal tegmental nucleus, dorsal part",LDTg,255,172,117,88810,2284
2366,"Laterodorsal tegmental nucleus, dorsal part, lateral division",LDTdl,255,172,117,88820,162
2367,"Laterodorsal tegmental nucleus, dorsal part, medial division",LDTdm,255,172,117,88830,162
2195,"Laterodorsal tegmental nucleus, ventral part",LDTgV,255,172,117,88840,2284
146,Pontine reticular nucleus,PRNr,255,172,120,89000,1117
2205,"Pontine reticular nucleus, oral part",PnO,255,172,120,89010,146
2217,"Pontine reticular nucleus, ventral part",PnV,255,172,120,89020,146
2182,Epirubrospinal nucleus,ERS,255,172,120,89030,146
2185,Medial paralemniscial nucleus,MPL,255,172,120,89040,1117
2186,"Perilemniscal nucleus, ventral part",PLV,255,172,120,89050,1117
238,Pontine raphe nucleus,PnR,255,172,115,89100,1117
354,Medulla,MY,255,160,176,89400,1065
386,"Medulla, sensory related",MY-sen,255,176,176,89500,354
207,Area postrema,AP,255,176,178,89600,386
2274,Area subpostrema,SubP,255,176,178,89610,386
607,Cochlear nuclei,CN,255,176,177,89700,386
112,Granule cell layer of the cochlear nuclei,GrC (VCCap in 81),255,176,177,89800,607
560,"Ventral cochlear nucleus, granule cell layer",VCAGr,255,176,177,89900,607
96,Dorsal cochlear nucleus,DC,255,155,205,90000,607
2234,"Dorsal cochlear nucleus, molecular layer",DCMo,255,155,205,90010,96
2235,"Dorsal cochlear nucleus, fusiform layer",DCFu,255,155,205,90020,96
2236,"Dorsal cochlear nucleus, deep layer",DCDp,255,155,205,90030,96
101,Ventral cochlear nucleus,VC,255,155,205,90100,607
2238,"Ventral cochlear nucleus, anterior part",VCA,255,155,205,90110,101
2237,"Ventral cochlear nucleus, posterior part",VCP,255,155,205,90120,101
2243,"Ventral cochlear nucleus, posterior part, octopus cell area",VCPO,255,155,205,90130,101
720,Dorsal column nuclei,DCN,255,177,176,90200,386
711,Cuneate nucleus,Cu,255,177,177,90300,720
2285,"Cuneate nucleus, dorsal part",Cu,255,177,177,90310,2285
2278,"Cuneate nucleus, rotundus part",CuR,255,177,177,90320,2285
1039,Gracile nucleus,Gr,255,177,178,90400,720
903,External cuneate nucleus,ECu,255,176,179,90500,386
642,Nucleus of the trapezoid body,Tz,255,176,181,90600,386
2249,Trigeminal-solitary transition zone,5Sol,255,176,181,90610,386
651,Solitary nucleus,Sol,255,178,176,90700,386
659,"Solitary nucleus, central part",SolCe,255,178,177,90800,651
666,"Solitary nucleus, commissural part",SolC,255,178,178,90900,651
674,"Solitary nucleus, gelatinous part",SolG,255,178,179,91000,651
2250,"Solitary nucleus, intermediate part",SolIM,255,178,179,91010,651
682,"Solitary nucleus, lateral part",SolL,255,178,180,91100,651
691,"Solitary nucleus, medial part",SolM,255,178,181,91200,651
2263,"Solitary nucleus, ventral part",SolV,255,178,181,91210,651
2273,"Solitary nucleus, ventrolateral part",SolVL,255,178,181,91220,651
2271,"Solitary nucleus, dorsolateral part",SolDL,255,178,181,91230,651
2264,"Solitary nucleus, dorsomedial part",SolDM,255,178,181,91240,651
2265,"Solitary nucleus, interstitial part",SolI,255,178,181,91250,651
2470,"Soltary nucleus, rostrolateral part",SolRL,255,178,181,91260,651
429,"Spinal trigeminal nucleus, caudal part",Sp5C,255,176,183,91300,386
437,"Spinal trigeminal nucleus, interpolar part",Sp5I,255,176,184,91400,386
445,"Spinal trigeminal nucleus, oral part",Sp5O,255,176,182,91500,386
45,Dorsomedial spinal trigeminal nucleus,DMSp5,255,176,182,91900,445
2270,Paratrigeminal nucleus,Pa5,255,176,182,92010,386
370,"Medulla, motor related",MY-mot,255,212,219,92200,354
2198,"Subcoeruleus nucleus, alpha part",SubCA,255,212,219,92210,370
2199,"Subcoeruleus nucleus, dorsal part",SubCD,255,212,219,92220,370
2200,"Subcoeruleus nucleus, ventral part",SubCV,255,212,219,92230,370
653,Abducens nucleus,6N,255,212,225,92300,370
2229,Paraabducens nucleus,Pa6,255,212,225,92310,653
2228,"Abducens nucleus, retractor bulbi part",6RB,255,212,226,92400,370
661,Facial nucleus,7N,255,212,234,92500,370
2226,Perifacial zone,P7,255,212,234,92510,661
2462,"Facial nucleus, lateral subnucleus",7L,255,212,234,92520,661
2463,"Facial nucleus, dorsolateral subnucleus",7DL,255,212,234,92530,661
2464,"Facial nucleus, ventral intermediate subnucleus",7VI,255,212,234,92540,661
2465,"Facial nucleus, dorsal intermediate subnucleus",7DI,255,212,234,92550,661
2466,"Facial nucleus, dorsomedial subnucleus",7DM,255,212,234,92560,661
2467,"Facial nucleus, ventromedial subnucleus",7VM ,255,212,234,92570,661
576,"Facial motor nucleus, stylohyoid part",7SH,255,212,235,92600,370
640,Nucleus of the origin of efferents of the vestibular nerve,EVe,255,212,230,92700,370
2472,Ambiguus nucleus,Amb,255,212,216,92800,370
135,"Ambiguus nucleus, compact part",AmbC,255,212,216,92810,2472
2277,"Ambiguus nucleus, loose part",AmbL,255,212,216,92820,2472
2471,Retroambiguus nucleus,RAmb,255,212,216,92830,2472
839,Vagus nerve nucleus,10N,255,212,184,93100,370
1048,Gigantocellular reticular nucleus,Gi,255,212,187,93300,370
2223,"Gigantocellular reticular nucleus, alpha part",GiA,255,212,187,93310,1048
2224,"Gigantocellular reticular nucleus, ventral part",GiV,255,212,187,93320,1048
83,Inferior olivary nucleus,IO,255,212,189,93500,370
2253,"Inferior olive, subnucleus A of medial nucleus",IOA,255,212,189,93510,83
2254,"Inferior olive, subnucleus B of medial nucleus",IOB,255,212,189,93520,83
2255,"Inferior olive, subnucleus C of medial nucleus",IOC,255,212,189,93530,83
2256,"Inferior olive, dorsal nucleus",IOD,255,212,189,93540,83
2257,"Inferior olive, dorsomedial cell group",IODM,255,212,189,93550,83
2258,"Inferior olive, principal nucleus",IOPr,255,212,189,93560,83
2259,"Inferior olive, ventrolateral protrusion",IOVL,255,212,189,93570,83
2260,"Inferior olive, cap of Kooy of the medial nucleus",IOK,255,212,189,93580,83
2261,"Inferior olive, beta subnucleus of the medial nucleus",IOBe,255,212,189,93590,83
2262,"Inferior olive, medial nucleus",IOM,255,212,189,93595,83
136,Intermediate reticular nucleus,IRt,255,212,187,93600,370
2225,"Intermediate reticular nucleus, alpha part",IRtA,255,212,187,93610,136
106,Inferior salivatory nucleus,IS,255,212,190,93700,370
203,Linear nucleus of the hindbrain,Li,255,212,191,93800,370
235,Lateral reticular nucleus,LRt,255,212,193,93900,370
963,"Lateral reticular nucleus, parvicellular part",LRtPC,255,212,193,94100,235
395,Paramedian reticular nucleus,PMn,255,212,195,94300,370
1098,"Medullary reticular nucleus, dorsal part",MdD,255,212,195,94400,395
1107,"Medullary reticular nucleus, ventral part",MdV,255,212,195,94500,395
852,Parvicellular reticular nucleus,PCRt,255,212,196,94600,370
2214,"Parvicellular reticular nucleus, alpha part",PCRtA,255,212,196,94610,852
2211,Trigeminal transition zone,5Tr,255,212,196,94620,370
859,Parasolitary nucleus,PSol,255,212,197,94700,370
938,Lateral paragigantocellular nucleus,LPGi,255,212,198,94800,370
2248,"Lateral paragigantocellular nucleus, external part",LPGiE,255,212,198,94810,938
970,Dorsal paragigantocellular nucleus,DPGi,255,212,198,94900,938
978,"Paragigantocellular reticular nucleus, lateral part",PGRNl,255,212,198,95000,938
2252,Caudoventrolateral reticular nucleus,CVL,255,212,198,95010,370
2469,Rostroventrolateral reticular nucleus,RVL,255,212,198,95020,370
2269,Rostral ventral respiratory group,RVRG,255,212,198,95030,370
2468,Botzinger complex,Bo,255,212,198,95040,370
2251,Pre-Botzinger complex,PrBo,255,212,198,95050,2468
154,Perihypoglossal nuclei,PHY,255,212,219,95100,370
161,Intercalated nucleus,In,255,212,219,95200,154
2276,Intermedius nucleus of the medulla,InM,255,212,219,95210,161
177,Nucleus of Roller,Ro,255,212,221,95300,154
169,Prepositus nucleus,Pr,255,212,219,95400,154
1069,Parapyramidal nucleus,PPy,255,212,200,95600,370
701,Vestibulocerebellar nucleus,VeCb,255,212,201,95900,370
217,Superior vestibular nucleus,SuVe,255,214,201,96000,701
209,Lateral vestibular nucleus,LVe,255,214,201,96050,701
202,Medial vestibular nucleus,MVe,255,216,201,96100,701
2232,"Medial vestibular nucleus, magnocellular part",MVeMC,255,216,201,96110,202
2233,"Medial vestibular nucleus, parvicellular part",MVePC,255,216,201,96120,202
2368,"Medial vestibular nucleus, parvicellular part, dorsal",MVePd,255,216,201,96130,2233
2369,"Medial vestibular nucleus, parvicellular part, ventral",MVePv,255,216,201,96140,2233
225,Spinal vestibular nucleus,SpVe,255,212,201,96200,701
2268,F cell group of the vestibular complex,FVe,255,212,201,96310,701
2218,Paracochlear glial substance,PCGS,255,212,201,96320,701
765,Nucleus X,X,255,212,202,96400,370
2267,Matrix region of the medulla,Mx,255,212,202,96410,370
773,Hypoglossal nucleus,12N,255,212,192,96500,370
2272,Central cervical nucleus of the spinal cord,CeCv,255,212,192,96510,370
781,Nucleus Y of the vestibular complex,Y,255,212,203,96600,370
379,"Medulla, behavioral state related",MY-sat,255,176,192,96800,354
206,Raphe magnus nucleus,RMg,255,176,193,96900,379
2212,Raphe interpositus nucleus,RIP,255,176,193,96910,206
230,Raphe pallidus nucleus,RPa,255,176,195,97000,379
222,Raphe obscurus nucleus,ROb,255,176,194,97100,379
1009,fiber tracts,fiber_tracts,204,204,204,97200,8
2155,basilar artery,bas,204,204,204,97210,8
967,cranial nerves,cm,204,204,204,97300,1009
949,vomeronasal nerve,vn,204,204,204,97500,967
840,olfactory nerve,In,204,204,204,97600,967
1016,olfactory nerve layer,ON,204,204,204,97700,840
21,"lateral olfactory tract, general",lotg,204,204,204,97800,840
2279,dorsal lateral olfactory tract,dlo,204,204,204,97900,21
665,lateral olfactory tract,lo,204,204,204,97900,21
459,accessory olfactory tract,aot,204,204,204,98100,21
900,"anterior commissure, anterior part",aca,204,204,204,98200,840
2317,"anterior commissure, intrabulbar part",aci,204,204,204,98210,840
848,optic nerve,2n,204,204,204,98300,967
916,brachium of the superior colliculus,bsc,204,204,204,98500,848
336,commissure of the superior colliculus,csc,204,204,204,98600,848
117,optic chiasm,och,204,204,204,98700,848
125,optic tract,opt,204,204,204,98800,848
2040,supraoptic decussation,sox,204,204,204,98810,848
832,oculomotor nerve,3n,204,204,204,99000,967
62,medial longitudinal fasciculus,mlf,204,204,204,99100,832
158,posterior commissure,pc,204,204,204,99200,832
911,trochlear nerve,4n,204,204,204,99300,967
901,trigeminal nerve,5n,204,204,204,99600,967
93,motor root of the trigeminal nerve,m5,204,204,204,99700,901
229,sensory root of the trigeminal nerve,s5,204,204,204,99800,901
705,mesencephalic trigeminal tract,me5,204,204,204,99900,229
794,spinal trigeminal tract,sp5,204,204,204,100000,229
798,facial nerve,7n,204,204,204,100100,967
1131,ascending fibers of the facial nerve,asc7,204,204,204,100200,798
1116,genu of the facial nerve,g7,204,204,204,100300,798
933,vestibulocochlear nerve,8n,204,204,204,100400,967
2461,interstitial nucleus of the vestibular part of the 8th nerve,I8,204,204,204,100410,933
413,vestibular root of the vestibulocochlear nerve,8vn,204,204,204,100600,933
948,cochlear nerve,8cn,204,204,204,100700,933
2222,olivocochlear bundle,ocb,204,204,204,100710,967
841,trapezoid body,tz,204,204,204,100800,948
506,dorsal acoustic stria,das,204,204,204,101000,948
658,lateral lemniscus,ll,204,204,204,101100,948
633,commissure of the inferior colliculus,cic,204,204,204,101200,948
482,brachium of the inferior colliculus,bic,204,204,204,101300,948
808,glossopharyngeal nerve,9n,204,204,204,101400,967
917,vagus nerve,10n,204,204,204,101500,967
237,solitary tract,sol,204,204,204,101600,917
813,hypoglossal nerve,12n,204,204,204,101800,967
792,dorsal roots,drt,204,204,204,102000,967
932,cervicothalamic tract,cett,204,204,204,102100,792
514,dorsal column,dc,204,204,204,102600,932
380,cuneate fascicle,cu,204,204,204,102700,514
388,gracile fasciculus,gr,204,204,204,102800,514
697,medial lemniscus,ml,204,204,204,103000,932
871,spinothalamic tract,sst,204,204,204,103100,967
293,vestibulospinal tract,vesp,204,204,204,103700,871
960,cerebellum related fiber tracts,cbf,204,204,204,104200,1009
744,cerebellar commissure,cbc,204,204,204,104300,960
752,cerebellar peduncles,cbp,204,204,204,104400,960
326,superior cerebellar peduncle,scp,204,204,204,104500,752
812,decussation of the superior cerebellar peduncle,xscp,204,204,204,104600,326
85,ventral spinocerebellar tract,vsc,204,204,204,104700,812
850,uncinate fasciculus of the cerebellum,un,204,204,204,104800,326
78,middle cerebellar peduncle,mcp,204,204,204,105000,752
2167,transverse fibers of the pons,tfp,204,204,204,105010,78
1123,inferior cerebellar peduncle,icp,204,204,204,105100,752
553,dorsal spinocerebellar tract,dsc,204,204,204,105200,1123
490,bulbocerebellar tract,bct,204,204,204,105500,1123
404,olivocerebellar tract,oc,204,204,204,105600,490
2275,cerebellar white matter,cbw,204,204,204,105810,967
983,lateral forebrain bundle system,lfbs,204,204,204,106000,1009
776,corpus callosum,cc,204,204,204,106100,983
956,forceps minor of the corpus callosum,fmi,204,204,204,106200,776
579,external capsule,ec,204,204,204,106300,956
1108,genu of the corpus callosum,gcc,204,204,204,106500,776
971,forceps major of the corpus callosum,fmj,204,204,204,106600,776
986,splenium of the corpus callosum,scc,204,204,204,106800,776
784,corticospinal tract,cst,204,204,204,106900,983
6,internal capsule,ic,204,204,204,107000,784
924,cerebral peduncle,cp,204,204,204,107100,784
190,pyramidal tract,py,204,204,204,107600,784
198,pyramidal decussation,pyx,204,204,204,107700,784
2169,longitudinal fasciculus of the pons,lfp,204,204,204,107910,784
896,thalamus related,lfbst,204,204,204,108000,983
1092,External medullary lamina,eml,204,204,204,108100,896
14,internal medullary lamina,iml,204,204,204,108200,896
2109,superior thalamic radiation,str,204,204,204,108210,896
1000,extrapyramidal fiber systems,eps,204,204,204,108500,1009
760,cerebral nuclei related,epsc,204,204,204,108600,1000
102,nigrostriatal bundle,ns,204,204,204,108800,760
877,tectospinal tract,ts,204,204,204,109300,1000
1060,dorsal tegmental decussation,dtgx,204,204,204,109500,877
863,rubrospinal tract,rs,204,204,204,109700,1000
397,ventral tegmental decussation,vtgx,204,204,204,109800,863
941,vestibulomesencephalic tract,veme,204,204,204,110400,1000
991,medial forebrain bundle system,mfbs,204,204,204,110500,1009
768,cerebrum related,mfbc,204,204,204,110600,991
908,"anterior commissure, posterior limb",acp,204,204,204,110900,768
940,cingulum,cg,204,204,204,111000,768
1099,fornix system,fxs,204,204,204,111100,768
466,alveus of the hippocampus,alv,204,204,204,111200,1099
530,dorsal fornix,df,204,204,204,111300,1099
603,fimbria of the hippocampus,fi,204,204,204,111400,1099
737,postcommissural fornix,fxpo,204,204,204,111700,1099
436,fornix,f,204,204,204,111900,737
618,hippocampal commissures,hc,204,204,204,112000,1099
443,dorsal hippocampal commissure,dhc,204,204,204,112100,618
449,ventral hippocampal commissure,vhc,204,204,204,112200,618
37,longitudinal association bundle,lab,204,204,204,112500,768
301,stria terminalis,st,204,204,204,112600,768
2394,commissural stria terminalis,cst,204,204,204,112610,301
824,hypothalamus related,mfsbshy,204,204,204,112700,991
54,medial forebrain bundle,mfb,204,204,204,112800,824
341,retromammillary decussation,rmx,204,204,204,113600,824
46,mammillary related,mfbsma,204,204,204,114300,824
753,principal mammillary tract,pm,204,204,204,114400,46
690,mammilothalmic tract,mt,204,204,204,114500,46
681,mammillotegmental tract,mtg,204,204,204,114600,46
673,mammillary peduncle,mp,204,204,204,114700,46
1083,epithalamus related,mfbse,204,204,204,115000,824
802,stria medullaris,sm,204,204,204,115100,1083
595,fasciculus retroflexus,fr,204,204,204,115200,1083
611,habenular commissure,hbc,204,204,204,115300,1083
73,ventricular systems,VS,170,170,170,115800,8
81,lateral ventricle,LV,170,170,170,115900,73
98,ependymal and subendymal layer/olfacotry ventricle,E/OV,170,170,170,116100,81
108,choroid plexus,chp,170,170,170,116200,81
124,interventricular foramen,IVF,170,170,170,116400,73
129,3rd Ventricle,3V,170,170,170,116500,73
2373,dorsal third ventricle,D3V,170,170,170,116510,129
140,aqueduct,Aq,170,170,170,116600,73
145,4th Ventricle,4V,170,170,170,116700,73
2219,superior medullary velum,SMV,170,170,170,116710,145
153,lateral recess of the 4th ventricle,LR4V,170,170,170,116800,145
164,central canal,CC,170,170,170,116900,73
1024,grooves,grv,170,170,170,117000,8
1032,grooves of the cerebral cortex,grv_of_CTX,170,170,170,117100,1024
1063,hippocampal fissure,hif,170,170,170,117300,1032
1071,rhinal fissure,rf,170,170,170,117400,1032
1040,grooves of the cerebellar cortex,grv_of_CBX,170,170,170,117600,1024
1087,precentral fissure,pcn,170,170,170,117700,1040
1095,preculminate,pcuf,170,170,170,117800,1040
1103,primary fissure,prf,170,170,170,117900,1040
1112,post superior fissure,psf,170,170,170,118000,1040
1119,prepyramidal fissure,ppf,170,170,170,118100,1040
3,secondary fissure,sf,170,170,170,118200,1040
11,posterolateral fissure,plf,170,170,170,118300,1040
34,intercrural fissure,icf,170,170,170,118600,1040
43,ansoparamedian fissure,apmf,170,170,170,118700,1040
65,parafloccular sulcus,pfs,170,170,170,119000,1040
624,Interpeduncular fossa,IPF,170,170,170,119100,1024
,,,,,,,
,,,,,,,
,,,,,,,
,,,,,,,
,,,,,,,
,,,,,,,
,,,,,,,
,,,,,,,
,,,,,,,
,,,,,,,
,,,,,,,
,,,,,,,
,,,,,,,
,,,,,,,
,,,,,,,
,,,,,,,
,,,,,,,
,,,,,,,
,,,,,,,
,,,,,,,
,,,,,,,
,,,,,,,
,,,,,,,
,,,,,,,
,,,,,,,
,,,,,,,
,,,,,,,
,,,,,,,
,,,,,,,
,,,,,,,
,,,,,,,
,,,,,,,
,,,,,,,
,,,,,,,
,,,,,,,
,,,,,,,
,,,,,,,
,,,,,,,
,,,,,,,
,,,,,,,
,,,,,,,
,,,,,,,
,,,,,,,
,,,,,,,
,,,,,,,
,,,,,,,
,,,,,,,
,,,,,,,
,,,,,,,
,,    ,,,,,
